RunId,iteration,Step,size,n_resources,capacidad,densidad_obstaculos,max_steps,policy,lambda_dinamismo,costo_edicion,competencia,radio,rng,politica,entregas,pasos_utiles,pasos_deliberando,n_ediciones,n_ediciones_desperdiciadas,divergencias_reales,divergencias_detectadas,tareas_fallidas,carga_perdida,ceguera,latencia_deteccion,utilidad_bruta,costo_deliberacion,utilidad_neta
0,0,400.0,15,8,3,0.15,400,OPEN_LOOP,0.0,10,0.5,3,0,OPEN_LOOP,12,400,0,0,0,0,0,0,0,0.0,0.0,120.0,0.0,120.0
1,0,400.0,15,8,3,0.15,400,OPEN_LOOP,0.05,10,0.5,3,0,OPEN_LOOP,12,396,0,0,0,4,4,4,0,0.0,4.5,120.0,0.0,120.0
2,0,400.0,15,8,3,0.15,400,CLOSED_LOOP,0.0,10,0.5,3,0,CLOSED_LOOP,12,400,0,0,0,0,0,0,0,0.0,0.0,120.0,0.0,120.0
4,1,400.0,15,8,3,0.15,400,OPEN_LOOP,0.0,10,0.5,3,1,OPEN_LOOP,7,400,0,0,0,0,0,0,0,0.0,0.0,70.0,0.0,70.0
3,0,400.0,15,8,3,0.15,400,CLOSED_LOOP,0.05,10,0.5,3,0,CLOSED_LOOP,6,333,63,4,3,7,7,0,0,0.0,1.2857142857142858,60.0,0.0,60.0
5,1,400.0,15,8,3,0.15,400,OPEN_LOOP,0.05,10,0.5,3,1,OPEN_LOOP,11,397,0,0,0,2,1,3,0,0.5,12.0,110.0,0.0,110.0
7,1,400.0,15,8,3,0.15,400,CLOSED_LOOP,0.05,10,0.5,3,1,CLOSED_LOOP,9,378,20,1,1,3,2,1,0,0.33333333333333337,6.5,90.0,0.0,90.0
6,1,400.0,15,8,3,0.15,400,CLOSED_LOOP,0.0,10,0.5,3,1,CLOSED_LOOP,7,400,0,0,0,0,0,0,0,0.0,0.0,70.0,0.0,70.0
8,2,400.0,15,8,3,0.15,400,OPEN_LOOP,0.0,10,0.5,3,2,OPEN_LOOP,15,400,0,0,0,0,0,0,0,0.0,0.0,150.0,0.0,150.0
9,2,400.0,15,8,3,0.15,400,OPEN_LOOP,0.05,10,0.5,3,2,OPEN_LOOP,15,392,0,0,0,7,7,8,0,0.0,8.714285714285714,150.0,0.0,150.0
10,2,400.0,15,8,3,0.15,400,CLOSED_LOOP,0.0,10,0.5,3,2,CLOSED_LOOP,15,400,0,0,0,0,0,0,0,0.0,0.0,150.0,0.0,150.0
12,3,400.0,15,8,3,0.15,400,OPEN_LOOP,0.0,10,0.5,3,3,OPEN_LOOP,11,400,0,0,0,0,0,0,0,0.0,0.0,110.0,0.0,110.0
13,3,400.0,15,8,3,0.15,400,OPEN_LOOP,0.05,10,0.5,3,3,OPEN_LOOP,7,399,0,0,0,1,1,1,0,0.0,4.0,70.0,0.0,70.0
15,3,400.0,15,8,3,0.15,400,CLOSED_LOOP,0.05,10,0.5,3,3,CLOSED_LOOP,11,356,39,3,1,6,5,1,0,0.16666666666666663,5.0,110.0,0.0,110.0
16,4,400.0,15,8,3,0.15,400,OPEN_LOOP,0.0,10,0.5,3,4,OPEN_LOOP,5,400,0,0,0,0,0,0,0,0.0,0.0,50.0,0.0,50.0
14,3,400.0,15,8,3,0.15,400,CLOSED_LOOP,0.0,10,0.5,3,3,CLOSED_LOOP,11,400,0,0,0,0,0,0,0,0.0,0.0,110.0,0.0,110.0
11,2,400.0,15,8,3,0.15,400,CLOSED_LOOP,0.05,10,0.5,3,2,CLOSED_LOOP,11,285,104,7,7,15,15,3,0,0.0,3.8,110.0,0.0,110.0
18,4,400.0,15,8,3,0.15,400,CLOSED_LOOP,0.0,10,0.5,3,4,CLOSED_LOOP,5,400,0,0,0,0,0,0,0,0.0,0.0,50.0,0.0,50.0
17,4,400.0,15,8,3,0.15,400,OPEN_LOOP,0.05,10,0.5,3,4,OPEN_LOOP,18,390,0,0,0,11,11,10,0,0.0,6.363636363636363,180.0,0.0,180.0
21,5,400.0,15,8,3,0.15,400,OPEN_LOOP,0.05,10,0.5,3,5,OPEN_LOOP,12,395,0,0,0,5,5,5,0,0.0,5.0,120.0,0.0,120.0
19,4,400.0,15,8,3,0.15,400,CLOSED_LOOP,0.05,10,0.5,3,4,CLOSED_LOOP,8,354,43,3,2,6,6,0,0,0.0,3.3333333333333335,80.0,0.0,80.0
22,5,400.0,15,8,3,0.15,400,CLOSED_LOOP,0.0,10,0.5,3,5,CLOSED_LOOP,5,400,0,0,0,0,0,0,0,0.0,0.0,50.0,0.0,50.0
20,5,400.0,15,8,3,0.15,400,OPEN_LOOP,0.0,10,0.5,3,5,OPEN_LOOP,5,400,0,0,0,0,0,0,0,0.0,0.0,50.0,0.0,50.0
23,5,400.0,15,8,3,0.15,400,CLOSED_LOOP,0.05,10,0.5,3,5,CLOSED_LOOP,6,385,11,1,1,3,2,2,0,0.33333333333333337,8.0,60.0,0.0,60.0
24,6,400.0,15,8,3,0.15,400,OPEN_LOOP,0.0,10,0.5,3,6,OPEN_LOOP,6,400,0,0,0,0,0,0,0,0.0,0.0,60.0,0.0,60.0
27,6,400.0,15,8,3,0.15,400,CLOSED_LOOP,0.05,10,0.5,3,6,CLOSED_LOOP,11,388,10,1,0,1,1,1,0,0.0,1.0,110.0,0.0,110.0
28,7,400.0,15,8,3,0.15,400,OPEN_LOOP,0.0,10,0.5,3,7,OPEN_LOOP,6,400,0,0,0,0,0,0,0,0.0,0.0,60.0,0.0,60.0
25,6,400.0,15,8,3,0.15,400,OPEN_LOOP,0.05,10,0.5,3,6,OPEN_LOOP,9,396,0,0,0,4,4,4,0,0.0,1.0,90.0,0.0,90.0
31,7,400.0,15,8,3,0.15,400,CLOSED_LOOP,0.05,10,0.5,3,7,CLOSED_LOOP,13,324,68,6,5,9,9,1,0,0.0,3.4444444444444446,130.0,0.0,130.0
34,8,400.0,15,8,3,0.15,400,CLOSED_LOOP,0.0,10,0.5,3,8,CLOSED_LOOP,8,400,0,0,0,0,0,0,0,0.0,0.0,80.0,0.0,80.0
29,7,400.0,15,8,3,0.15,400,OPEN_LOOP,0.05,10,0.5,3,7,OPEN_LOOP,11,396,0,0,0,5,5,4,0,0.0,3.4,110.0,0.0,110.0
32,8,400.0,15,8,3,0.15,400,OPEN_LOOP,0.0,10,0.5,3,8,OPEN_LOOP,8,400,0,0,0,0,0,0,0,0.0,0.0,80.0,0.0,80.0
30,7,400.0,15,8,3,0.15,400,CLOSED_LOOP,0.0,10,0.5,3,7,CLOSED_LOOP,6,400,0,0,0,0,0,0,0,0.0,0.0,60.0,0.0,60.0
37,9,400.0,15,8,3,0.15,400,OPEN_LOOP,0.05,10,0.5,3,9,OPEN_LOOP,14,395,0,0,0,6,4,5,0,0.33333333333333337,11.0,140.0,0.0,140.0
26,6,400.0,15,8,3,0.15,400,CLOSED_LOOP,0.0,10,0.5,3,6,CLOSED_LOOP,6,400,0,0,0,0,0,0,0,0.0,0.0,60.0,0.0,60.0
38,9,400.0,15,8,3,0.15,400,CLOSED_LOOP,0.0,10,0.5,3,9,CLOSED_LOOP,10,400,0,0,0,0,0,0,0,0.0,0.0,100.0,0.0,100.0
33,8,400.0,15,8,3,0.15,400,OPEN_LOOP,0.05,10,0.5,3,8,OPEN_LOOP,12,393,0,0,0,7,7,7,0,0.0,4.857142857142857,120.0,0.0,120.0
40,10,400.0,15,8,3,0.15,400,OPEN_LOOP,0.0,10,0.5,3,10,OPEN_LOOP,9,400,0,0,0,0,0,0,0,0.0,0.0,90.0,0.0,90.0
41,10,400.0,15,8,3,0.15,400,OPEN_LOOP,0.05,10,0.5,3,10,OPEN_LOOP,13,397,0,0,0,3,3,3,0,0.0,4.666666666666667,130.0,0.0,130.0
39,9,400.0,15,8,3,0.15,400,CLOSED_LOOP,0.05,10,0.5,3,9,CLOSED_LOOP,10,353,40,4,0,5,5,3,0,0.0,5.4,100.0,0.0,100.0
44,11,400.0,15,8,3,0.15,400,OPEN_LOOP,0.0,10,0.5,3,11,OPEN_LOOP,7,400,0,0,0,0,0,0,0,0.0,0.0,70.0,0.0,70.0
46,11,400.0,15,8,3,0.15,400,CLOSED_LOOP,0.0,10,0.5,3,11,CLOSED_LOOP,7,400,0,0,0,0,0,0,0,0.0,0.0,70.0,0.0,70.0
36,9,400.0,15,8,3,0.15,400,OPEN_LOOP,0.0,10,0.5,3,9,OPEN_LOOP,10,400,0,0,0,0,0,0,0,0.0,0.0,100.0,0.0,100.0
35,8,400.0,15,8,3,0.15,400,CLOSED_LOOP,0.05,10,0.5,3,8,CLOSED_LOOP,6,315,78,6,4,10,9,1,0,0.09999999999999998,3.6666666666666665,60.0,0.0,60.0
43,10,400.0,15,8,3,0.15,400,CLOSED_LOOP,0.05,10,0.5,3,10,CLOSED_LOOP,9,388,10,1,0,2,2,1,0,0.0,5.5,90.0,0.0,90.0
48,12,400.0,15,8,3,0.15,400,OPEN_LOOP,0.0,10,0.5,3,12,OPEN_LOOP,7,400,0,0,0,0,0,0,0,0.0,0.0,70.0,0.0,70.0
50,12,400.0,15,8,3,0.15,400,CLOSED_LOOP,0.0,10,0.5,3,12,CLOSED_LOOP,7,400,0,0,0,0,0,0,0,0.0,0.0,70.0,0.0,70.0
45,11,400.0,15,8,3,0.15,400,OPEN_LOOP,0.05,10,0.5,3,11,OPEN_LOOP,2,400,0,0,0,0,0,0,0,0.0,0.0,20.0,0.0,20.0
47,11,400.0,15,8,3,0.15,400,CLOSED_LOOP,0.05,10,0.5,3,11,CLOSED_LOOP,2,400,0,0,0,0,0,0,0,0.0,0.0,20.0,0.0,20.0
49,12,400.0,15,8,3,0.15,400,OPEN_LOOP,0.05,10,0.5,3,12,OPEN_LOOP,18,393,0,0,0,9,7,7,0,0.2222222222222222,8.285714285714286,180.0,0.0,180.0
42,10,400.0,15,8,3,0.15,400,CLOSED_LOOP,0.0,10,0.5,3,10,CLOSED_LOOP,9,400,0,0,0,0,0,0,0,0.0,0.0,90.0,0.0,90.0
52,13,400.0,15,8,3,0.15,400,OPEN_LOOP,0.0,10,0.5,3,13,OPEN_LOOP,11,400,0,0,0,0,0,0,0,0.0,0.0,110.0,0.0,110.0
51,12,400.0,15,8,3,0.15,400,CLOSED_LOOP,0.05,10,0.5,3,12,CLOSED_LOOP,7,332,60,6,1,7,7,2,0,0.0,5.285714285714286,70.0,0.0,70.0
53,13,400.0,15,8,3,0.15,400,OPEN_LOOP,0.05,10,0.5,3,13,OPEN_LOOP,9,397,0,0,0,4,4,3,0,0.0,1.25,90.0,0.0,90.0
57,14,400.0,15,8,3,0.15,400,OPEN_LOOP,0.05,10,0.5,3,14,OPEN_LOOP,7,399,0,0,0,4,3,1,0,0.25,1.0,70.0,0.0,70.0
56,14,400.0,15,8,3,0.15,400,OPEN_LOOP,0.0,10,0.5,3,14,OPEN_LOOP,14,400,0,0,0,0,0,0,0,0.0,0.0,140.0,0.0,140.0
60,15,400.0,15,8,3,0.15,400,OPEN_LOOP,0.0,10,0.5,3,15,OPEN_LOOP,10,400,0,0,0,0,0,0,0,0.0,0.0,100.0,0.0,100.0
54,13,400.0,15,8,3,0.15,400,CLOSED_LOOP,0.0,10,0.5,3,13,CLOSED_LOOP,11,400,0,0,0,0,0,0,0,0.0,0.0,110.0,0.0,110.0
64,16,400.0,15,8,3,0.15,400,OPEN_LOOP,0.0,10,0.5,3,16,OPEN_LOOP,15,400,0,0,0,0,0,0,0,0.0,0.0,150.0,0.0,150.0
55,13,400.0,15,8,3,0.15,400,CLOSED_LOOP,0.05,10,0.5,3,13,CLOSED_LOOP,8,324,68,6,2,8,8,1,0,0.0,3.875,80.0,0.0,80.0
61,15,400.0,15,8,3,0.15,400,OPEN_LOOP,0.05,10,0.5,3,15,OPEN_LOOP,20,388,0,0,0,13,12,12,0,0.07692307692307687,6.666666666666667,200.0,0.0,200.0
58,14,400.0,15,8,3,0.15,400,CLOSED_LOOP,0.0,10,0.5,3,14,CLOSED_LOOP,14,400,0,0,0,0,0,0,0,0.0,0.0,140.0,0.0,140.0
63,15,400.0,15,8,3,0.15,400,CLOSED_LOOP,0.05,10,0.5,3,15,CLOSED_LOOP,11,343,52,5,1,6,6,0,0,0.0,3.6666666666666665,110.0,0.0,110.0
66,16,400.0,15,8,3,0.15,400,CLOSED_LOOP,0.0,10,0.5,3,16,CLOSED_LOOP,15,400,0,0,0,0,0,0,0,0.0,0.0,150.0,0.0,150.0
62,15,400.0,15,8,3,0.15,400,CLOSED_LOOP,0.0,10,0.5,3,15,CLOSED_LOOP,10,400,0,0,0,0,0,0,0,0.0,0.0,100.0,0.0,100.0
59,14,400.0,15,8,3,0.15,400,CLOSED_LOOP,0.05,10,0.5,3,14,CLOSED_LOOP,7,316,77,6,4,11,11,1,0,0.0,5.7272727272727275,70.0,0.0,70.0
69,17,400.0,15,8,3,0.15,400,OPEN_LOOP,0.05,10,0.5,3,17,OPEN_LOOP,9,398,0,0,0,3,2,2,0,0.33333333333333337,1.0,90.0,0.0,90.0
68,17,400.0,15,8,3,0.15,400,OPEN_LOOP,0.0,10,0.5,3,17,OPEN_LOOP,10,400,0,0,0,0,0,0,0,0.0,0.0,100.0,0.0,100.0
67,16,400.0,15,8,3,0.15,400,CLOSED_LOOP,0.05,10,0.5,3,16,CLOSED_LOOP,17,347,47,4,2,10,8,2,0,0.19999999999999996,4.5,170.0,0.0,170.0
74,18,400.0,15,8,3,0.15,400,CLOSED_LOOP,0.0,10,0.5,3,18,CLOSED_LOOP,10,400,0,0,0,0,0,0,0,0.0,0.0,100.0,0.0,100.0
75,18,400.0,15,8,3,0.15,400,CLOSED_LOOP,0.05,10,0.5,3,18,CLOSED_LOOP,6,371,26,2,2,4,4,1,0,0.0,3.0,60.0,0.0,60.0
76,19,400.0,15,8,3,0.15,400,OPEN_LOOP,0.0,10,0.5,3,19,OPEN_LOOP,11,400,0,0,0,0,0,0,0,0.0,0.0,110.0,0.0,110.0
70,17,400.0,15,8,3,0.15,400,CLOSED_LOOP,0.0,10,0.5,3,17,CLOSED_LOOP,10,400,0,0,0,0,0,0,0,0.0,0.0,100.0,0.0,100.0
72,18,400.0,15,8,3,0.15,400,OPEN_LOOP,0.0,10,0.5,3,18,OPEN_LOOP,10,400,0,0,0,0,0,0,0,0.0,0.0,100.0,0.0,100.0
65,16,400.0,15,8,3,0.15,400,OPEN_LOOP,0.05,10,0.5,3,16,OPEN_LOOP,10,395,0,0,0,4,4,5,0,0.0,4.5,100.0,0.0,100.0
81,20,400.0,15,8,3,0.15,400,OPEN_LOOP,0.05,10,0.5,3,20,OPEN_LOOP,13,394,0,0,0,6,6,6,0,0.0,1.8333333333333333,130.0,0.0,130.0
77,19,400.0,15,8,3,0.15,400,OPEN_LOOP,0.05,10,0.5,3,19,OPEN_LOOP,21,390,0,0,0,11,10,10,0,0.09090909090909094,4.8,210.0,0.0,210.0
78,19,400.0,15,8,3,0.15,400,CLOSED_LOOP,0.0,10,0.5,3,19,CLOSED_LOOP,11,400,0,0,0,0,0,0,0,0.0,0.0,110.0,0.0,110.0
82,20,400.0,15,8,3,0.15,400,CLOSED_LOOP,0.0,10,0.5,3,20,CLOSED_LOOP,17,400,0,0,0,0,0,0,0,0.0,0.0,170.0,0.0,170.0
71,17,400.0,15,8,3,0.15,400,CLOSED_LOOP,0.05,10,0.5,3,17,CLOSED_LOOP,5,349,46,4,1,5,5,1,0,0.0,2.2,50.0,0.0,50.0
80,20,400.0,15,8,3,0.15,400,OPEN_LOOP,0.0,10,0.5,3,20,OPEN_LOOP,17,400,0,0,0,0,0,0,0,0.0,0.0,170.0,0.0,170.0
84,21,400.0,15,8,3,0.15,400,OPEN_LOOP,0.0,10,0.5,3,21,OPEN_LOOP,12,400,0,0,0,0,0,0,0,0.0,0.0,120.0,0.0,120.0
83,20,400.0,15,8,3,0.15,400,CLOSED_LOOP,0.05,10,0.5,3,20,CLOSED_LOOP,13,366,30,3,0,6,5,1,0,0.16666666666666663,4.2,130.0,0.0,130.0
85,21,400.0,15,8,3,0.15,400,OPEN_LOOP,0.05,10,0.5,3,21,OPEN_LOOP,9,396,0,0,0,6,6,4,0,0.0,5.0,90.0,0.0,90.0
73,18,400.0,15,8,3,0.15,400,OPEN_LOOP,0.05,10,0.5,3,18,OPEN_LOOP,8,397,0,0,0,3,3,3,0,0.0,1.6666666666666667,80.0,0.0,80.0
88,22,400.0,15,8,3,0.15,400,OPEN_LOOP,0.0,10,0.5,3,22,OPEN_LOOP,10,400,0,0,0,0,0,0,0,0.0,0.0,100.0,0.0,100.0
87,21,400.0,15,8,3,0.15,400,CLOSED_LOOP,0.05,10,0.5,3,21,CLOSED_LOOP,10,386,10,1,0,4,3,3,0,0.25,4.333333333333333,100.0,0.0,100.0
90,22,400.0,15,8,3,0.15,400,CLOSED_LOOP,0.0,10,0.5,3,22,CLOSED_LOOP,10,400,0,0,0,0,0,0,0,0.0,0.0,100.0,0.0,100.0
79,19,400.0,15,8,3,0.15,400,CLOSED_LOOP,0.05,10,0.5,3,19,CLOSED_LOOP,10,334,59,5,1,8,8,1,0,0.0,6.25,100.0,0.0,100.0
92,23,400.0,15,8,3,0.15,400,OPEN_LOOP,0.0,10,0.5,3,23,OPEN_LOOP,8,400,0,0,0,0,0,0,0,0.0,0.0,80.0,0.0,80.0
93,23,400.0,15,8,3,0.15,400,OPEN_LOOP,0.05,10,0.5,3,23,OPEN_LOOP,5,398,0,0,0,3,2,2,0,0.33333333333333337,2.0,50.0,0.0,50.0
91,22,400.0,15,8,3,0.15,400,CLOSED_LOOP,0.05,10,0.5,3,22,CLOSED_LOOP,7,372,26,2,2,4,4,0,0,0.0,2.0,70.0,0.0,70.0
86,21,400.0,15,8,3,0.15,400,CLOSED_LOOP,0.0,10,0.5,3,21,CLOSED_LOOP,12,400,0,0,0,0,0,0,0,0.0,0.0,120.0,0.0,120.0
98,24,400.0,15,8,3,0.15,400,CLOSED_LOOP,0.0,10,0.5,3,24,CLOSED_LOOP,8,400,0,0,0,0,0,0,0,0.0,0.0,80.0,0.0,80.0
95,23,400.0,15,8,3,0.15,400,CLOSED_LOOP,0.05,10,0.5,3,23,CLOSED_LOOP,6,345,49,2,5,7,7,2,0,0.0,1.0,60.0,0.0,60.0
100,25,400.0,15,8,3,0.15,400,OPEN_LOOP,0.0,10,0.5,3,25,OPEN_LOOP,7,400,0,0,0,0,0,0,0,0.0,0.0,70.0,0.0,70.0
97,24,400.0,15,8,3,0.15,400,OPEN_LOOP,0.05,10,0.5,3,24,OPEN_LOOP,10,395,0,0,0,5,5,5,0,0.0,1.4,100.0,0.0,100.0
89,22,400.0,15,8,3,0.15,400,OPEN_LOOP,0.05,10,0.5,3,22,OPEN_LOOP,22,390,0,0,0,10,10,10,0,0.0,4.8,220.0,0.0,220.0
94,23,400.0,15,8,3,0.15,400,CLOSED_LOOP,0.0,10,0.5,3,23,CLOSED_LOOP,8,400,0,0,0,0,0,0,0,0.0,0.0,80.0,0.0,80.0
102,25,400.0,15,8,3,0.15,400,CLOSED_LOOP,0.0,10,0.5,3,25,CLOSED_LOOP,7,400,0,0,0,0,0,0,0,0.0,0.0,70.0,0.0,70.0
96,24,400.0,15,8,3,0.15,400,OPEN_LOOP,0.0,10,0.5,3,24,OPEN_LOOP,8,400,0,0,0,0,0,0,0,0.0,0.0,80.0,0.0,80.0
104,26,400.0,15,8,3,0.15,400,OPEN_LOOP,0.0,10,0.5,3,26,OPEN_LOOP,4,400,0,0,0,0,0,0,0,0.0,0.0,40.0,0.0,40.0
105,26,400.0,15,8,3,0.15,400,OPEN_LOOP,0.05,10,0.5,3,26,OPEN_LOOP,3,400,0,0,0,0,0,0,0,0.0,0.0,30.0,0.0,30.0
103,25,400.0,15,8,3,0.15,400,CLOSED_LOOP,0.05,10,0.5,3,25,CLOSED_LOOP,10,355,40,4,0,4,4,1,0,0.0,8.5,100.0,0.0,100.0
106,26,400.0,15,8,3,0.15,400,CLOSED_LOOP,0.0,10,0.5,3,26,CLOSED_LOOP,4,400,0,0,0,0,0,0,0,0.0,0.0,40.0,0.0,40.0
112,28,400.0,15,8,3,0.15,400,OPEN_LOOP,0.0,10,0.5,3,28,OPEN_LOOP,0,400,0,0,0,0,0,0,0,0.0,0.0,0.0,0.0,0.0
99,24,400.0,15,8,3,0.15,400,CLOSED_LOOP,0.05,10,0.5,3,24,CLOSED_LOOP,10,346,48,3,5,7,7,2,0,0.0,1.0,100.0,0.0,100.0
111,27,400.0,15,8,3,0.15,400,CLOSED_LOOP,0.05,10,0.5,3,27,CLOSED_LOOP,10,366,30,3,0,4,4,1,0,0.0,7.25,100.0,0.0,100.0
113,28,400.0,15,8,3,0.15,400,OPEN_LOOP,0.05,10,0.5,3,28,OPEN_LOOP,0,400,0,0,0,0,0,0,0,0.0,0.0,0.0,0.0,0.0
115,28,400.0,15,8,3,0.15,400,CLOSED_LOOP,0.05,10,0.5,3,28,CLOSED_LOOP,0,400,0,0,0,0,0,0,0,0.0,0.0,0.0,0.0,0.0
108,27,400.0,15,8,3,0.15,400,OPEN_LOOP,0.0,10,0.5,3,27,OPEN_LOOP,16,400,0,0,0,0,0,0,0,0.0,0.0,160.0,0.0,160.0
109,27,400.0,15,8,3,0.15,400,OPEN_LOOP,0.05,10,0.5,3,27,OPEN_LOOP,19,389,0,0,0,13,13,11,0,0.0,4.0,190.0,0.0,190.0
101,25,400.0,15,8,3,0.15,400,OPEN_LOOP,0.05,10,0.5,3,25,OPEN_LOOP,10,396,0,0,0,5,4,4,0,0.19999999999999996,3.0,100.0,0.0,100.0
107,26,400.0,15,8,3,0.15,400,CLOSED_LOOP,0.05,10,0.5,3,26,CLOSED_LOOP,3,400,0,0,0,0,0,0,0,0.0,0.0,30.0,0.0,30.0
110,27,400.0,15,8,3,0.15,400,CLOSED_LOOP,0.0,10,0.5,3,27,CLOSED_LOOP,16,400,0,0,0,0,0,0,0,0.0,0.0,160.0,0.0,160.0
114,28,400.0,15,8,3,0.15,400,CLOSED_LOOP,0.0,10,0.5,3,28,CLOSED_LOOP,0,400,0,0,0,0,0,0,0,0.0,0.0,0.0,0.0,0.0
118,29,400.0,15,8,3,0.15,400,CLOSED_LOOP,0.0,10,0.5,3,29,CLOSED_LOOP,9,400,0,0,0,0,0,0,0,0.0,0.0,90.0,0.0,90.0
119,29,400.0,15,8,3,0.15,400,CLOSED_LOOP,0.05,10,0.5,3,29,CLOSED_LOOP,4,388,10,1,0,2,2,1,0,0.0,1.0,40.0,0.0,40.0
117,29,400.0,15,8,3,0.15,400,OPEN_LOOP,0.05,10,0.5,3,29,OPEN_LOOP,8,394,0,0,0,5,5,6,0,0.0,2.2,80.0,0.0,80.0
116,29,400.0,15,8,3,0.15,400,OPEN_LOOP,0.0,10,0.5,3,29,OPEN_LOOP,9,400,0,0,0,0,0,0,0,0.0,0.0,90.0,0.0,90.0
