RunId,iteration,Step,size,n_resources,capacidad,densidad_obstaculos,max_steps,policy,lambda_dinamismo,presupuesto,competencia,costo_edicion,radio,rng,politica,entregas,pasos_utiles,pasos_deliberando,n_ediciones,n_ediciones_desperdiciadas,divergencias_reales,divergencias_detectadas,tareas_fallidas,carga_perdida,ceguera,latencia_deteccion,utilidad_bruta,costo_deliberacion,utilidad_neta
0,0,400.0,15,8,3,0.15,400,CLOSED_LOOP,0.1,3,0.9,5,3,0,CLOSED_LOOP,10,338,50,10,2,10,10,2,0,0.0,2.7,100.0,0.0,100.0
1,0,400.0,15,8,3,0.15,400,CLOSED_LOOP,0.1,5,0.9,5,3,0,CLOSED_LOOP,10,338,50,10,2,10,10,2,0,0.0,2.7,100.0,0.0,100.0
2,0,400.0,15,8,3,0.15,400,CLOSED_LOOP,0.1,10,0.9,5,3,0,CLOSED_LOOP,10,338,50,10,2,10,10,2,0,0.0,2.7,100.0,0.0,100.0
3,0,400.0,15,8,3,0.15,400,CLOSED_LOOP,0.1,25,0.9,5,3,0,CLOSED_LOOP,10,338,50,10,2,10,10,2,0,0.0,2.7,100.0,0.0,100.0
5,0,400.0,15,8,3,0.15,400,CLOSED_LOOP,0.25,5,0.9,5,3,0,CLOSED_LOOP,6,341,47,5,11,16,16,4,0,0.0,1.0,60.0,0.0,60.0
4,0,400.0,15,8,3,0.15,400,CLOSED_LOOP,0.25,3,0.9,5,3,0,CLOSED_LOOP,6,341,47,5,11,16,16,4,0,0.0,1.0,60.0,0.0,60.0
6,0,400.0,15,8,3,0.15,400,CLOSED_LOOP,0.25,10,0.9,5,3,0,CLOSED_LOOP,6,341,47,5,11,16,16,4,0,0.0,1.0,60.0,0.0,60.0
7,0,400.0,15,8,3,0.15,400,CLOSED_LOOP,0.25,25,0.9,5,3,0,CLOSED_LOOP,6,341,47,5,11,16,16,4,0,0.0,1.0,60.0,0.0,60.0
8,0,400.0,15,8,3,0.15,400,CLOSED_LOOP,0.5,3,0.9,5,3,0,CLOSED_LOOP,3,266,109,6,51,40,39,11,0,0.025000000000000022,1.1282051282051282,30.0,0.0,30.0
9,0,400.0,15,8,3,0.15,400,CLOSED_LOOP,0.5,5,0.9,5,3,0,CLOSED_LOOP,3,266,109,6,51,40,39,11,0,0.025000000000000022,1.1282051282051282,30.0,0.0,30.0
10,0,400.0,15,8,3,0.15,400,CLOSED_LOOP,0.5,10,0.9,5,3,0,CLOSED_LOOP,3,266,109,6,51,40,39,11,0,0.025000000000000022,1.1282051282051282,30.0,0.0,30.0
12,0,400.0,15,8,3,0.15,400,GOVERNED,0.1,3,0.9,5,3,0,GOVERNED,9,379,15,3,0,7,7,3,0,0.0,2.142857142857143,90.0,0.0,90.0
11,0,400.0,15,8,3,0.15,400,CLOSED_LOOP,0.5,25,0.9,5,3,0,CLOSED_LOOP,3,266,109,6,51,40,39,11,0,0.025000000000000022,1.1282051282051282,30.0,0.0,30.0
14,0,400.0,15,8,3,0.15,400,GOVERNED,0.1,10,0.9,5,3,0,GOVERNED,10,338,50,10,2,10,10,2,0,0.0,2.7,100.0,0.0,100.0
13,0,400.0,15,8,3,0.15,400,GOVERNED,0.1,5,0.9,5,3,0,GOVERNED,10,365,25,5,1,10,10,5,0,0.0,2.0,100.0,0.0,100.0
17,0,400.0,15,8,3,0.15,400,GOVERNED,0.25,5,0.9,5,3,0,GOVERNED,9,356,31,5,6,16,16,8,0,0.0,1.0,90.0,0.0,90.0
15,0,400.0,15,8,3,0.15,400,GOVERNED,0.1,25,0.9,5,3,0,GOVERNED,10,338,50,10,2,10,10,2,0,0.0,2.7,100.0,0.0,100.0
16,0,400.0,15,8,3,0.15,400,GOVERNED,0.25,3,0.9,5,3,0,GOVERNED,10,372,18,3,2,10,10,7,0,0.0,1.8,100.0,0.0,100.0
19,0,400.0,15,8,3,0.15,400,GOVERNED,0.25,25,0.9,5,3,0,GOVERNED,6,341,47,5,11,16,16,4,0,0.0,1.0,60.0,0.0,60.0
20,0,400.0,15,8,3,0.15,400,GOVERNED,0.5,3,0.9,5,3,0,GOVERNED,10,347,34,3,20,23,23,14,0,0.0,1.2173913043478262,100.0,0.0,100.0
18,0,400.0,15,8,3,0.15,400,GOVERNED,0.25,10,0.9,5,3,0,GOVERNED,6,341,47,5,11,16,16,4,0,0.0,1.0,60.0,0.0,60.0
24,1,400.0,15,8,3,0.15,400,CLOSED_LOOP,0.1,3,0.9,5,3,1,CLOSED_LOOP,8,362,31,6,1,6,6,1,0,0.0,3.0,80.0,0.0,80.0
22,0,400.0,15,8,3,0.15,400,GOVERNED,0.5,10,0.9,5,3,0,GOVERNED,3,266,109,6,51,40,39,11,0,0.025000000000000022,1.1282051282051282,30.0,0.0,30.0
26,1,400.0,15,8,3,0.15,400,CLOSED_LOOP,0.1,10,0.9,5,3,1,CLOSED_LOOP,8,362,31,6,1,6,6,1,0,0.0,3.0,80.0,0.0,80.0
27,1,400.0,15,8,3,0.15,400,CLOSED_LOOP,0.1,25,0.9,5,3,1,CLOSED_LOOP,8,362,31,6,1,6,6,1,0,0.0,3.0,80.0,0.0,80.0
23,0,400.0,15,8,3,0.15,400,GOVERNED,0.5,25,0.9,5,3,0,GOVERNED,3,266,109,6,51,40,39,11,0,0.025000000000000022,1.1282051282051282,30.0,0.0,30.0
25,1,400.0,15,8,3,0.15,400,CLOSED_LOOP,0.1,5,0.9,5,3,1,CLOSED_LOOP,8,362,31,6,1,6,6,1,0,0.0,3.0,80.0,0.0,80.0
21,0,400.0,15,8,3,0.15,400,GOVERNED,0.5,5,0.9,5,3,0,GOVERNED,6,305,69,5,34,40,39,18,0,0.025000000000000022,1.0769230769230769,60.0,0.0,60.0
29,1,400.0,15,8,3,0.15,400,CLOSED_LOOP,0.25,5,0.9,5,3,1,CLOSED_LOOP,8,226,152,18,49,39,39,3,0,0.0,1.4102564102564104,80.0,0.0,80.0
32,1,400.0,15,8,3,0.15,400,CLOSED_LOOP,0.5,3,0.9,5,3,1,CLOSED_LOOP,2,208,163,4,91,59,59,13,0,0.0,1.0677966101694916,20.0,0.0,20.0
36,1,400.0,15,8,3,0.15,400,GOVERNED,0.1,3,0.9,5,3,1,GOVERNED,17,372,16,3,1,11,11,9,0,0.0,4.545454545454546,170.0,0.0,170.0
34,1,400.0,15,8,3,0.15,400,CLOSED_LOOP,0.5,10,0.9,5,3,1,CLOSED_LOOP,2,208,163,4,91,59,59,13,0,0.0,1.0677966101694916,20.0,0.0,20.0
31,1,400.0,15,8,3,0.15,400,CLOSED_LOOP,0.25,25,0.9,5,3,1,CLOSED_LOOP,8,226,152,18,49,39,39,3,0,0.0,1.4102564102564104,80.0,0.0,80.0
28,1,400.0,15,8,3,0.15,400,CLOSED_LOOP,0.25,3,0.9,5,3,1,CLOSED_LOOP,8,226,152,18,49,39,39,3,0,0.0,1.4102564102564104,80.0,0.0,80.0
38,1,400.0,15,8,3,0.15,400,GOVERNED,0.1,10,0.9,5,3,1,GOVERNED,8,362,31,6,1,6,6,1,0,0.0,3.0,80.0,0.0,80.0
37,1,400.0,15,8,3,0.15,400,GOVERNED,0.1,5,0.9,5,3,1,GOVERNED,8,367,26,5,1,6,6,2,0,0.0,3.0,80.0,0.0,80.0
39,1,400.0,15,8,3,0.15,400,GOVERNED,0.1,25,0.9,5,3,1,GOVERNED,8,362,31,6,1,6,6,1,0,0.0,3.0,80.0,0.0,80.0
35,1,400.0,15,8,3,0.15,400,CLOSED_LOOP,0.5,25,0.9,5,3,1,CLOSED_LOOP,2,208,163,4,91,59,59,13,0,0.0,1.0677966101694916,20.0,0.0,20.0
40,1,400.0,15,8,3,0.15,400,GOVERNED,0.25,3,0.9,5,3,1,GOVERNED,17,364,18,3,2,26,24,15,0,0.07692307692307687,2.7083333333333335,170.0,0.0,170.0
41,1,400.0,15,8,3,0.15,400,GOVERNED,0.25,5,0.9,5,3,1,GOVERNED,12,329,51,5,12,32,30,15,0,0.0625,2.0,120.0,0.0,120.0
33,1,400.0,15,8,3,0.15,400,CLOSED_LOOP,0.5,5,0.9,5,3,1,CLOSED_LOOP,2,208,163,4,91,59,59,13,0,0.0,1.0677966101694916,20.0,0.0,20.0
30,1,400.0,15,8,3,0.15,400,CLOSED_LOOP,0.25,10,0.9,5,3,1,CLOSED_LOOP,8,226,152,18,49,39,39,3,0,0.0,1.4102564102564104,80.0,0.0,80.0
48,2,400.0,15,8,3,0.15,400,CLOSED_LOOP,0.1,3,0.9,5,3,2,CLOSED_LOOP,3,365,31,4,7,7,7,0,0,0.0,1.0,30.0,0.0,30.0
44,1,400.0,15,8,3,0.15,400,GOVERNED,0.5,3,0.9,5,3,1,GOVERNED,9,282,76,3,43,59,58,35,0,0.016949152542372836,1.3620689655172413,90.0,0.0,90.0
42,1,400.0,15,8,3,0.15,400,GOVERNED,0.25,10,0.9,5,3,1,GOVERNED,15,296,83,10,23,37,37,11,0,0.0,2.5135135135135136,150.0,0.0,150.0
46,1,400.0,15,8,3,0.15,400,GOVERNED,0.5,10,0.9,5,3,1,GOVERNED,2,208,163,4,91,59,59,13,0,0.0,1.0677966101694916,20.0,0.0,20.0
51,2,400.0,15,8,3,0.15,400,CLOSED_LOOP,0.1,25,0.9,5,3,2,CLOSED_LOOP,3,365,31,4,7,7,7,0,0,0.0,1.0,30.0,0.0,30.0
43,1,400.0,15,8,3,0.15,400,GOVERNED,0.25,25,0.9,5,3,1,GOVERNED,8,226,152,18,49,39,39,3,0,0.0,1.4102564102564104,80.0,0.0,80.0
50,2,400.0,15,8,3,0.15,400,CLOSED_LOOP,0.1,10,0.9,5,3,2,CLOSED_LOOP,3,365,31,4,7,7,7,0,0,0.0,1.0,30.0,0.0,30.0
49,2,400.0,15,8,3,0.15,400,CLOSED_LOOP,0.1,5,0.9,5,3,2,CLOSED_LOOP,3,365,31,4,7,7,7,0,0,0.0,1.0,30.0,0.0,30.0
52,2,400.0,15,8,3,0.15,400,CLOSED_LOOP,0.25,3,0.9,5,3,2,CLOSED_LOOP,2,265,121,9,50,31,30,3,0,0.032258064516129004,1.6,20.0,0.0,20.0
53,2,400.0,15,8,3,0.15,400,CLOSED_LOOP,0.25,5,0.9,5,3,2,CLOSED_LOOP,2,265,121,9,50,31,30,3,0,0.032258064516129004,1.6,20.0,0.0,20.0
54,2,400.0,15,8,3,0.15,400,CLOSED_LOOP,0.25,10,0.9,5,3,2,CLOSED_LOOP,2,265,121,9,50,31,30,3,0,0.032258064516129004,1.6,20.0,0.0,20.0
45,1,400.0,15,8,3,0.15,400,GOVERNED,0.5,5,0.9,5,3,1,GOVERNED,2,208,163,4,91,59,59,13,0,0.0,1.0677966101694916,20.0,0.0,20.0
55,2,400.0,15,8,3,0.15,400,CLOSED_LOOP,0.25,25,0.9,5,3,2,CLOSED_LOOP,2,265,121,9,50,31,30,3,0,0.032258064516129004,1.6,20.0,0.0,20.0
61,2,400.0,15,8,3,0.15,400,GOVERNED,0.1,5,0.9,5,3,2,GOVERNED,3,365,31,4,7,7,7,0,0,0.0,1.0,30.0,0.0,30.0
63,2,400.0,15,8,3,0.15,400,GOVERNED,0.1,25,0.9,5,3,2,GOVERNED,3,365,31,4,7,7,7,0,0,0.0,1.0,30.0,0.0,30.0
47,1,400.0,15,8,3,0.15,400,GOVERNED,0.5,25,0.9,5,3,1,GOVERNED,2,208,163,4,91,59,59,13,0,0.0,1.0677966101694916,20.0,0.0,20.0
62,2,400.0,15,8,3,0.15,400,GOVERNED,0.1,10,0.9,5,3,2,GOVERNED,3,365,31,4,7,7,7,0,0,0.0,1.0,30.0,0.0,30.0
58,2,400.0,15,8,3,0.15,400,CLOSED_LOOP,0.5,10,0.9,5,3,2,CLOSED_LOOP,0,160,224,9,146,64,64,4,0,0.0,1.15625,0.0,0.0,0.0
60,2,400.0,15,8,3,0.15,400,GOVERNED,0.1,3,0.9,5,3,2,GOVERNED,9,368,26,3,7,11,11,3,0,0.0,1.8181818181818181,90.0,0.0,90.0
57,2,400.0,15,8,3,0.15,400,CLOSED_LOOP,0.5,5,0.9,5,3,2,CLOSED_LOOP,0,160,224,9,146,64,64,4,0,0.0,1.15625,0.0,0.0,0.0
64,2,400.0,15,8,3,0.15,400,GOVERNED,0.25,3,0.9,5,3,2,GOVERNED,5,328,60,3,33,24,24,8,0,0.0,1.2083333333333333,50.0,0.0,50.0
65,2,400.0,15,8,3,0.15,400,GOVERNED,0.25,5,0.9,5,3,2,GOVERNED,5,294,94,5,45,29,27,5,0,0.06896551724137934,1.5555555555555556,50.0,0.0,50.0
56,2,400.0,15,8,3,0.15,400,CLOSED_LOOP,0.5,3,0.9,5,3,2,CLOSED_LOOP,0,160,224,9,146,64,64,4,0,0.0,1.15625,0.0,0.0,0.0
72,3,400.0,15,8,3,0.15,400,CLOSED_LOOP,0.1,3,0.9,5,3,3,CLOSED_LOOP,7,323,68,8,18,18,17,1,0,0.05555555555555558,2.176470588235294,70.0,0.0,70.0
74,3,400.0,15,8,3,0.15,400,CLOSED_LOOP,0.1,10,0.9,5,3,3,CLOSED_LOOP,7,323,68,8,18,18,17,1,0,0.05555555555555558,2.176470588235294,70.0,0.0,70.0
75,3,400.0,15,8,3,0.15,400,CLOSED_LOOP,0.1,25,0.9,5,3,3,CLOSED_LOOP,7,323,68,8,18,18,17,1,0,0.05555555555555558,2.176470588235294,70.0,0.0,70.0
73,3,400.0,15,8,3,0.15,400,CLOSED_LOOP,0.1,5,0.9,5,3,3,CLOSED_LOOP,7,323,68,8,18,18,17,1,0,0.05555555555555558,2.176470588235294,70.0,0.0,70.0
70,2,400.0,15,8,3,0.15,400,GOVERNED,0.5,10,0.9,5,3,2,GOVERNED,0,160,224,9,146,64,64,4,0,0.0,1.15625,0.0,0.0,0.0
59,2,400.0,15,8,3,0.15,400,CLOSED_LOOP,0.5,25,0.9,5,3,2,CLOSED_LOOP,0,160,224,9,146,64,64,4,0,0.0,1.15625,0.0,0.0,0.0
66,2,400.0,15,8,3,0.15,400,GOVERNED,0.25,10,0.9,5,3,2,GOVERNED,2,265,121,9,50,31,30,3,0,0.032258064516129004,1.6,20.0,0.0,20.0
71,2,400.0,15,8,3,0.15,400,GOVERNED,0.5,25,0.9,5,3,2,GOVERNED,0,160,224,9,146,64,64,4,0,0.0,1.15625,0.0,0.0,0.0
67,2,400.0,15,8,3,0.15,400,GOVERNED,0.25,25,0.9,5,3,2,GOVERNED,2,265,121,9,50,31,30,3,0,0.032258064516129004,1.6,20.0,0.0,20.0
76,3,400.0,15,8,3,0.15,400,CLOSED_LOOP,0.25,3,0.9,5,3,3,CLOSED_LOOP,10,348,40,7,7,13,12,4,0,0.07692307692307687,1.9166666666666667,100.0,0.0,100.0
77,3,400.0,15,8,3,0.15,400,CLOSED_LOOP,0.25,5,0.9,5,3,3,CLOSED_LOOP,10,348,40,7,7,13,12,4,0,0.07692307692307687,1.9166666666666667,100.0,0.0,100.0
68,2,400.0,15,8,3,0.15,400,GOVERNED,0.5,3,0.9,5,3,2,GOVERNED,8,285,97,3,57,49,49,13,0,0.0,1.4285714285714286,80.0,0.0,80.0
78,3,400.0,15,8,3,0.15,400,CLOSED_LOOP,0.25,10,0.9,5,3,3,CLOSED_LOOP,10,348,40,7,7,13,12,4,0,0.07692307692307687,1.9166666666666667,100.0,0.0,100.0
79,3,400.0,15,8,3,0.15,400,CLOSED_LOOP,0.25,25,0.9,5,3,3,CLOSED_LOOP,10,348,40,7,7,13,12,4,0,0.07692307692307687,1.9166666666666667,100.0,0.0,100.0
69,2,400.0,15,8,3,0.15,400,GOVERNED,0.5,5,0.9,5,3,2,GOVERNED,5,269,111,5,61,46,46,13,0,0.0,1.2391304347826086,50.0,0.0,50.0
85,3,400.0,15,8,3,0.15,400,GOVERNED,0.1,5,0.9,5,3,3,GOVERNED,11,353,39,5,6,12,12,3,0,0.0,3.4166666666666665,110.0,0.0,110.0
86,3,400.0,15,8,3,0.15,400,GOVERNED,0.1,10,0.9,5,3,3,GOVERNED,7,323,68,8,18,18,17,1,0,0.05555555555555558,2.176470588235294,70.0,0.0,70.0
84,3,400.0,15,8,3,0.15,400,GOVERNED,0.1,3,0.9,5,3,3,GOVERNED,15,367,20,3,3,13,13,10,0,0.0,2.3846153846153846,150.0,0.0,150.0
89,3,400.0,15,8,3,0.15,400,GOVERNED,0.25,5,0.9,5,3,3,GOVERNED,14,354,25,5,1,27,25,16,0,0.07407407407407407,1.96,140.0,0.0,140.0
87,3,400.0,15,8,3,0.15,400,GOVERNED,0.1,25,0.9,5,3,3,GOVERNED,7,323,68,8,18,18,17,1,0,0.05555555555555558,2.176470588235294,70.0,0.0,70.0
90,3,400.0,15,8,3,0.15,400,GOVERNED,0.25,10,0.9,5,3,3,GOVERNED,10,348,40,7,7,13,12,4,0,0.07692307692307687,1.9166666666666667,100.0,0.0,100.0
88,3,400.0,15,8,3,0.15,400,GOVERNED,0.25,3,0.9,5,3,3,GOVERNED,12,369,15,3,1,19,18,13,0,0.052631578947368474,1.7222222222222223,120.0,0.0,120.0
80,3,400.0,15,8,3,0.15,400,CLOSED_LOOP,0.5,3,0.9,5,3,3,CLOSED_LOOP,0,35,343,17,239,88,88,4,0,0.0,1.0340909090909092,0.0,0.0,0.0
82,3,400.0,15,8,3,0.15,400,CLOSED_LOOP,0.5,10,0.9,5,3,3,CLOSED_LOOP,0,35,343,17,239,88,88,4,0,0.0,1.0340909090909092,0.0,0.0,0.0
97,4,400.0,15,8,3,0.15,400,CLOSED_LOOP,0.1,5,0.9,5,3,4,CLOSED_LOOP,7,368,27,3,3,9,9,1,0,0.0,3.6666666666666665,70.0,0.0,70.0
96,4,400.0,15,8,3,0.15,400,CLOSED_LOOP,0.1,3,0.9,5,3,4,CLOSED_LOOP,7,368,27,3,3,9,9,1,0,0.0,3.6666666666666665,70.0,0.0,70.0
81,3,400.0,15,8,3,0.15,400,CLOSED_LOOP,0.5,5,0.9,5,3,3,CLOSED_LOOP,0,35,343,17,239,88,88,4,0,0.0,1.0340909090909092,0.0,0.0,0.0
98,4,400.0,15,8,3,0.15,400,CLOSED_LOOP,0.1,10,0.9,5,3,4,CLOSED_LOOP,7,368,27,3,3,9,9,1,0,0.0,3.6666666666666665,70.0,0.0,70.0
92,3,400.0,15,8,3,0.15,400,GOVERNED,0.5,3,0.9,5,3,3,GOVERNED,13,320,34,3,21,55,55,43,0,0.0,1.2545454545454546,130.0,0.0,130.0
94,3,400.0,15,8,3,0.15,400,GOVERNED,0.5,10,0.9,5,3,3,GOVERNED,9,182,193,10,154,72,71,15,0,0.01388888888888884,1.1408450704225352,90.0,0.0,90.0
99,4,400.0,15,8,3,0.15,400,CLOSED_LOOP,0.1,25,0.9,5,3,4,CLOSED_LOOP,7,368,27,3,3,9,9,1,0,0.0,3.6666666666666665,70.0,0.0,70.0
91,3,400.0,15,8,3,0.15,400,GOVERNED,0.25,25,0.9,5,3,3,GOVERNED,10,348,40,7,7,13,12,4,0,0.07692307692307687,1.9166666666666667,100.0,0.0,100.0
101,4,400.0,15,8,3,0.15,400,CLOSED_LOOP,0.25,5,0.9,5,3,4,CLOSED_LOOP,2,290,97,11,32,27,27,2,0,0.0,1.2962962962962963,20.0,0.0,20.0
83,3,400.0,15,8,3,0.15,400,CLOSED_LOOP,0.5,25,0.9,5,3,3,CLOSED_LOOP,0,35,343,17,239,88,88,4,0,0.0,1.0340909090909092,0.0,0.0,0.0
100,4,400.0,15,8,3,0.15,400,CLOSED_LOOP,0.25,3,0.9,5,3,4,CLOSED_LOOP,2,290,97,11,32,27,27,2,0,0.0,1.2962962962962963,20.0,0.0,20.0
102,4,400.0,15,8,3,0.15,400,CLOSED_LOOP,0.25,10,0.9,5,3,4,CLOSED_LOOP,2,290,97,11,32,27,27,2,0,0.0,1.2962962962962963,20.0,0.0,20.0
103,4,400.0,15,8,3,0.15,400,CLOSED_LOOP,0.25,25,0.9,5,3,4,CLOSED_LOOP,2,290,97,11,32,27,27,2,0,0.0,1.2962962962962963,20.0,0.0,20.0
105,4,400.0,15,8,3,0.15,400,CLOSED_LOOP,0.5,5,0.9,5,3,4,CLOSED_LOOP,0,204,178,6,99,50,50,9,0,0.0,1.14,0.0,0.0,0.0
106,4,400.0,15,8,3,0.15,400,CLOSED_LOOP,0.5,10,0.9,5,3,4,CLOSED_LOOP,0,204,178,6,99,50,50,9,0,0.0,1.14,0.0,0.0,0.0
108,4,400.0,15,8,3,0.15,400,GOVERNED,0.1,3,0.9,5,3,4,GOVERNED,7,368,27,3,3,9,9,1,0,0.0,3.6666666666666665,70.0,0.0,70.0
109,4,400.0,15,8,3,0.15,400,GOVERNED,0.1,5,0.9,5,3,4,GOVERNED,7,368,27,3,3,9,9,1,0,0.0,3.6666666666666665,70.0,0.0,70.0
93,3,400.0,15,8,3,0.15,400,GOVERNED,0.5,5,0.9,5,3,3,GOVERNED,6,289,89,5,71,41,41,17,0,0.0,1.024390243902439,60.0,0.0,60.0
104,4,400.0,15,8,3,0.15,400,CLOSED_LOOP,0.5,3,0.9,5,3,4,CLOSED_LOOP,0,204,178,6,99,50,50,9,0,0.0,1.14,0.0,0.0,0.0
111,4,400.0,15,8,3,0.15,400,GOVERNED,0.1,25,0.9,5,3,4,GOVERNED,7,368,27,3,3,9,9,1,0,0.0,3.6666666666666665,70.0,0.0,70.0
95,3,400.0,15,8,3,0.15,400,GOVERNED,0.5,25,0.9,5,3,3,GOVERNED,0,35,343,17,239,88,88,4,0,0.0,1.0340909090909092,0.0,0.0,0.0
113,4,400.0,15,8,3,0.15,400,GOVERNED,0.25,5,0.9,5,3,4,GOVERNED,7,337,46,5,18,26,26,12,0,0.0,1.1538461538461537,70.0,0.0,70.0
112,4,400.0,15,8,3,0.15,400,GOVERNED,0.25,3,0.9,5,3,4,GOVERNED,7,365,22,3,6,22,20,10,0,0.09090909090909094,1.55,70.0,0.0,70.0
120,5,400.0,15,8,3,0.15,400,CLOSED_LOOP,0.1,3,0.9,5,3,5,CLOSED_LOOP,7,391,5,1,0,4,4,3,0,0.0,4.5,70.0,0.0,70.0
117,4,400.0,15,8,3,0.15,400,GOVERNED,0.5,5,0.9,5,3,4,GOVERNED,4,248,130,5,70,52,51,16,0,0.019230769230769273,1.1764705882352942,40.0,0.0,40.0
110,4,400.0,15,8,3,0.15,400,GOVERNED,0.1,10,0.9,5,3,4,GOVERNED,7,368,27,3,3,9,9,1,0,0.0,3.6666666666666665,70.0,0.0,70.0
121,5,400.0,15,8,3,0.15,400,CLOSED_LOOP,0.1,5,0.9,5,3,5,CLOSED_LOOP,7,391,5,1,0,4,4,3,0,0.0,4.5,70.0,0.0,70.0
116,4,400.0,15,8,3,0.15,400,GOVERNED,0.5,3,0.9,5,3,4,GOVERNED,8,272,104,3,64,51,50,20,0,0.019607843137254943,1.54,80.0,0.0,80.0
118,4,400.0,15,8,3,0.15,400,GOVERNED,0.5,10,0.9,5,3,4,GOVERNED,0,204,178,6,99,50,50,9,0,0.0,1.14,0.0,0.0,0.0
114,4,400.0,15,8,3,0.15,400,GOVERNED,0.25,10,0.9,5,3,4,GOVERNED,7,290,92,10,31,32,32,8,0,0.0,1.03125,70.0,0.0,70.0
122,5,400.0,15,8,3,0.15,400,CLOSED_LOOP,0.1,10,0.9,5,3,5,CLOSED_LOOP,7,391,5,1,0,4,4,3,0,0.0,4.5,70.0,0.0,70.0
123,5,400.0,15,8,3,0.15,400,CLOSED_LOOP,0.1,25,0.9,5,3,5,CLOSED_LOOP,7,391,5,1,0,4,4,3,0,0.0,4.5,70.0,0.0,70.0
124,5,400.0,15,8,3,0.15,400,CLOSED_LOOP,0.25,3,0.9,5,3,5,CLOSED_LOOP,4,355,41,3,9,9,9,0,0,0.0,1.0,40.0,0.0,40.0
115,4,400.0,15,8,3,0.15,400,GOVERNED,0.25,25,0.9,5,3,4,GOVERNED,2,290,97,11,32,27,27,2,0,0.0,1.2962962962962963,20.0,0.0,20.0
107,4,400.0,15,8,3,0.15,400,CLOSED_LOOP,0.5,25,0.9,5,3,4,CLOSED_LOOP,0,204,178,6,99,50,50,9,0,0.0,1.14,0.0,0.0,0.0
125,5,400.0,15,8,3,0.15,400,CLOSED_LOOP,0.25,5,0.9,5,3,5,CLOSED_LOOP,4,355,41,3,9,9,9,0,0,0.0,1.0,40.0,0.0,40.0
132,5,400.0,15,8,3,0.15,400,GOVERNED,0.1,3,0.9,5,3,5,GOVERNED,7,391,5,1,0,4,4,3,0,0.0,4.5,70.0,0.0,70.0
126,5,400.0,15,8,3,0.15,400,CLOSED_LOOP,0.25,10,0.9,5,3,5,CLOSED_LOOP,4,355,41,3,9,9,9,0,0,0.0,1.0,40.0,0.0,40.0
119,4,400.0,15,8,3,0.15,400,GOVERNED,0.5,25,0.9,5,3,4,GOVERNED,0,204,178,6,99,50,50,9,0,0.0,1.14,0.0,0.0,0.0
133,5,400.0,15,8,3,0.15,400,GOVERNED,0.1,5,0.9,5,3,5,GOVERNED,7,391,5,1,0,4,4,3,0,0.0,4.5,70.0,0.0,70.0
134,5,400.0,15,8,3,0.15,400,GOVERNED,0.1,10,0.9,5,3,5,GOVERNED,7,391,5,1,0,4,4,3,0,0.0,4.5,70.0,0.0,70.0
128,5,400.0,15,8,3,0.15,400,CLOSED_LOOP,0.5,3,0.9,5,3,5,CLOSED_LOOP,0,128,253,11,140,71,71,5,0,0.0,1.028169014084507,0.0,0.0,0.0
129,5,400.0,15,8,3,0.15,400,CLOSED_LOOP,0.5,5,0.9,5,3,5,CLOSED_LOOP,0,128,253,11,140,71,71,5,0,0.0,1.028169014084507,0.0,0.0,0.0
131,5,400.0,15,8,3,0.15,400,CLOSED_LOOP,0.5,25,0.9,5,3,5,CLOSED_LOOP,0,128,253,11,140,71,71,5,0,0.0,1.028169014084507,0.0,0.0,0.0
127,5,400.0,15,8,3,0.15,400,CLOSED_LOOP,0.25,25,0.9,5,3,5,CLOSED_LOOP,4,355,41,3,9,9,9,0,0,0.0,1.0,40.0,0.0,40.0
135,5,400.0,15,8,3,0.15,400,GOVERNED,0.1,25,0.9,5,3,5,GOVERNED,7,391,5,1,0,4,4,3,0,0.0,4.5,70.0,0.0,70.0
136,5,400.0,15,8,3,0.15,400,GOVERNED,0.25,3,0.9,5,3,5,GOVERNED,4,362,34,3,6,9,8,1,0,0.11111111111111116,1.0,40.0,0.0,40.0
139,5,400.0,15,8,3,0.15,400,GOVERNED,0.25,25,0.9,5,3,5,GOVERNED,4,355,41,3,9,9,9,0,0,0.0,1.0,40.0,0.0,40.0
144,6,400.0,15,8,3,0.15,400,CLOSED_LOOP,0.1,3,0.9,5,3,6,CLOSED_LOOP,10,368,27,4,3,7,6,1,0,0.1428571428571429,1.6666666666666667,100.0,0.0,100.0
130,5,400.0,15,8,3,0.15,400,CLOSED_LOOP,0.5,10,0.9,5,3,5,CLOSED_LOOP,0,128,253,11,140,71,71,5,0,0.0,1.028169014084507,0.0,0.0,0.0
145,6,400.0,15,8,3,0.15,400,CLOSED_LOOP,0.1,5,0.9,5,3,6,CLOSED_LOOP,10,368,27,4,3,7,6,1,0,0.1428571428571429,1.6666666666666667,100.0,0.0,100.0
146,6,400.0,15,8,3,0.15,400,CLOSED_LOOP,0.1,10,0.9,5,3,6,CLOSED_LOOP,10,368,27,4,3,7,6,1,0,0.1428571428571429,1.6666666666666667,100.0,0.0,100.0
147,6,400.0,15,8,3,0.15,400,CLOSED_LOOP,0.1,25,0.9,5,3,6,CLOSED_LOOP,10,368,27,4,3,7,6,1,0,0.1428571428571429,1.6666666666666667,100.0,0.0,100.0
137,5,400.0,15,8,3,0.15,400,GOVERNED,0.25,5,0.9,5,3,5,GOVERNED,4,355,41,3,9,9,9,0,0,0.0,1.0,40.0,0.0,40.0
138,5,400.0,15,8,3,0.15,400,GOVERNED,0.25,10,0.9,5,3,5,GOVERNED,4,355,41,3,9,9,9,0,0,0.0,1.0,40.0,0.0,40.0
143,5,400.0,15,8,3,0.15,400,GOVERNED,0.5,25,0.9,5,3,5,GOVERNED,0,128,253,11,140,71,71,5,0,0.0,1.028169014084507,0.0,0.0,0.0
142,5,400.0,15,8,3,0.15,400,GOVERNED,0.5,10,0.9,5,3,5,GOVERNED,0,157,221,10,106,69,69,10,0,0.0,1.0724637681159421,0.0,0.0,0.0
149,6,400.0,15,8,3,0.15,400,CLOSED_LOOP,0.25,5,0.9,5,3,6,CLOSED_LOOP,5,285,106,9,34,26,26,0,0,0.0,1.5384615384615385,50.0,0.0,50.0
150,6,400.0,15,8,3,0.15,400,CLOSED_LOOP,0.25,10,0.9,5,3,6,CLOSED_LOOP,5,285,106,9,34,26,26,0,0,0.0,1.5384615384615385,50.0,0.0,50.0
141,5,400.0,15,8,3,0.15,400,GOVERNED,0.5,5,0.9,5,3,5,GOVERNED,3,226,160,5,71,54,53,7,0,0.01851851851851849,1.1320754716981132,30.0,0.0,30.0
140,5,400.0,15,8,3,0.15,400,GOVERNED,0.5,3,0.9,5,3,5,GOVERNED,12,324,49,3,21,44,44,24,0,0.0,1.4090909090909092,120.0,0.0,120.0
156,6,400.0,15,8,3,0.15,400,GOVERNED,0.1,3,0.9,5,3,6,GOVERNED,15,374,16,3,1,13,11,7,0,0.15384615384615385,3.1818181818181817,150.0,0.0,150.0
151,6,400.0,15,8,3,0.15,400,CLOSED_LOOP,0.25,25,0.9,5,3,6,CLOSED_LOOP,5,285,106,9,34,26,26,0,0,0.0,1.5384615384615385,50.0,0.0,50.0
158,6,400.0,15,8,3,0.15,400,GOVERNED,0.1,10,0.9,5,3,6,GOVERNED,10,368,27,4,3,7,6,1,0,0.1428571428571429,1.6666666666666667,100.0,0.0,100.0
154,6,400.0,15,8,3,0.15,400,CLOSED_LOOP,0.5,10,0.9,5,3,6,CLOSED_LOOP,0,165,212,4,104,66,65,10,0,0.015151515151515138,1.0,0.0,0.0,0.0
159,6,400.0,15,8,3,0.15,400,GOVERNED,0.1,25,0.9,5,3,6,GOVERNED,10,368,27,4,3,7,6,1,0,0.1428571428571429,1.6666666666666667,100.0,0.0,100.0
148,6,400.0,15,8,3,0.15,400,CLOSED_LOOP,0.25,3,0.9,5,3,6,CLOSED_LOOP,5,285,106,9,34,26,26,0,0,0.0,1.5384615384615385,50.0,0.0,50.0
155,6,400.0,15,8,3,0.15,400,CLOSED_LOOP,0.5,25,0.9,5,3,6,CLOSED_LOOP,0,165,212,4,104,66,65,10,0,0.015151515151515138,1.0,0.0,0.0,0.0
160,6,400.0,15,8,3,0.15,400,GOVERNED,0.25,3,0.9,5,3,6,GOVERNED,14,359,27,3,8,22,22,11,0,0.0,2.1818181818181817,140.0,0.0,140.0
161,6,400.0,15,8,3,0.15,400,GOVERNED,0.25,5,0.9,5,3,6,GOVERNED,11,335,51,5,15,27,26,9,0,0.03703703703703709,1.1153846153846154,110.0,0.0,110.0
153,6,400.0,15,8,3,0.15,400,CLOSED_LOOP,0.5,5,0.9,5,3,6,CLOSED_LOOP,0,165,212,4,104,66,65,10,0,0.015151515151515138,1.0,0.0,0.0,0.0
157,6,400.0,15,8,3,0.15,400,GOVERNED,0.1,5,0.9,5,3,6,GOVERNED,10,368,27,4,3,7,6,1,0,0.1428571428571429,1.6666666666666667,100.0,0.0,100.0
168,7,400.0,15,8,3,0.15,400,CLOSED_LOOP,0.1,3,0.9,5,3,7,CLOSED_LOOP,8,358,33,5,4,11,11,2,0,0.0,3.1818181818181817,80.0,0.0,80.0
170,7,400.0,15,8,3,0.15,400,CLOSED_LOOP,0.1,10,0.9,5,3,7,CLOSED_LOOP,8,358,33,5,4,11,11,2,0,0.0,3.1818181818181817,80.0,0.0,80.0
166,6,400.0,15,8,3,0.15,400,GOVERNED,0.5,10,0.9,5,3,6,GOVERNED,0,165,212,4,104,66,65,10,0,0.015151515151515138,1.0,0.0,0.0,0.0
152,6,400.0,15,8,3,0.15,400,CLOSED_LOOP,0.5,3,0.9,5,3,6,CLOSED_LOOP,0,165,212,4,104,66,65,10,0,0.015151515151515138,1.0,0.0,0.0,0.0
169,7,400.0,15,8,3,0.15,400,CLOSED_LOOP,0.1,5,0.9,5,3,7,CLOSED_LOOP,8,358,33,5,4,11,11,2,0,0.0,3.1818181818181817,80.0,0.0,80.0
167,6,400.0,15,8,3,0.15,400,GOVERNED,0.5,25,0.9,5,3,6,GOVERNED,0,165,212,4,104,66,65,10,0,0.015151515151515138,1.0,0.0,0.0,0.0
171,7,400.0,15,8,3,0.15,400,CLOSED_LOOP,0.1,25,0.9,5,3,7,CLOSED_LOOP,8,358,33,5,4,11,11,2,0,0.0,3.1818181818181817,80.0,0.0,80.0
165,6,400.0,15,8,3,0.15,400,GOVERNED,0.5,5,0.9,5,3,6,GOVERNED,0,165,212,4,104,66,65,10,0,0.015151515151515138,1.0,0.0,0.0,0.0
162,6,400.0,15,8,3,0.15,400,GOVERNED,0.25,10,0.9,5,3,6,GOVERNED,5,285,106,9,34,26,26,0,0,0.0,1.5384615384615385,50.0,0.0,50.0
163,6,400.0,15,8,3,0.15,400,GOVERNED,0.25,25,0.9,5,3,6,GOVERNED,5,285,106,9,34,26,26,0,0,0.0,1.5384615384615385,50.0,0.0,50.0
172,7,400.0,15,8,3,0.15,400,CLOSED_LOOP,0.25,3,0.9,5,3,7,CLOSED_LOOP,9,241,143,11,40,37,37,5,0,0.0,1.3243243243243243,90.0,0.0,90.0
164,6,400.0,15,8,3,0.15,400,GOVERNED,0.5,3,0.9,5,3,6,GOVERNED,10,232,131,3,62,68,67,28,0,0.014705882352941124,1.328358208955224,100.0,0.0,100.0
173,7,400.0,15,8,3,0.15,400,CLOSED_LOOP,0.25,5,0.9,5,3,7,CLOSED_LOOP,9,241,143,11,40,37,37,5,0,0.0,1.3243243243243243,90.0,0.0,90.0
175,7,400.0,15,8,3,0.15,400,CLOSED_LOOP,0.25,25,0.9,5,3,7,CLOSED_LOOP,9,241,143,11,40,37,37,5,0,0.0,1.3243243243243243,90.0,0.0,90.0
180,7,400.0,15,8,3,0.15,400,GOVERNED,0.1,3,0.9,5,3,7,GOVERNED,14,375,17,3,2,13,12,5,0,0.07692307692307687,3.5833333333333335,140.0,0.0,140.0
181,7,400.0,15,8,3,0.15,400,GOVERNED,0.1,5,0.9,5,3,7,GOVERNED,11,358,32,5,4,13,12,4,0,0.07692307692307687,3.1666666666666665,110.0,0.0,110.0
178,7,400.0,15,8,3,0.15,400,CLOSED_LOOP,0.5,10,0.9,5,3,7,CLOSED_LOOP,1,113,268,7,180,85,84,6,0,0.0117647058823529,1.0357142857142858,10.0,0.0,10.0
183,7,400.0,15,8,3,0.15,400,GOVERNED,0.1,25,0.9,5,3,7,GOVERNED,8,358,33,5,4,11,11,2,0,0.0,3.1818181818181817,80.0,0.0,80.0
176,7,400.0,15,8,3,0.15,400,CLOSED_LOOP,0.5,3,0.9,5,3,7,CLOSED_LOOP,1,113,268,7,180,85,84,6,0,0.0117647058823529,1.0357142857142858,10.0,0.0,10.0
184,7,400.0,15,8,3,0.15,400,GOVERNED,0.25,3,0.9,5,3,7,GOVERNED,6,345,43,3,14,20,20,9,0,0.0,1.3,60.0,0.0,60.0
174,7,400.0,15,8,3,0.15,400,CLOSED_LOOP,0.25,10,0.9,5,3,7,CLOSED_LOOP,9,241,143,11,40,37,37,5,0,0.0,1.3243243243243243,90.0,0.0,90.0
185,7,400.0,15,8,3,0.15,400,GOVERNED,0.25,5,0.9,5,3,7,GOVERNED,9,329,61,5,17,20,20,5,0,0.0,1.3,90.0,0.0,90.0
186,7,400.0,15,8,3,0.15,400,GOVERNED,0.25,10,0.9,5,3,7,GOVERNED,10,257,121,10,33,39,39,12,0,0.0,1.4871794871794872,100.0,0.0,100.0
188,7,400.0,15,8,3,0.15,400,GOVERNED,0.5,3,0.9,5,3,7,GOVERNED,13,291,76,3,29,54,53,27,0,0.01851851851851849,1.3962264150943395,130.0,0.0,130.0
177,7,400.0,15,8,3,0.15,400,CLOSED_LOOP,0.5,5,0.9,5,3,7,CLOSED_LOOP,1,113,268,7,180,85,84,6,0,0.0117647058823529,1.0357142857142858,10.0,0.0,10.0
192,8,400.0,15,8,3,0.15,400,CLOSED_LOOP,0.1,3,0.9,5,3,8,CLOSED_LOOP,3,379,16,2,3,5,5,2,0,0.0,1.0,30.0,0.0,30.0
193,8,400.0,15,8,3,0.15,400,CLOSED_LOOP,0.1,5,0.9,5,3,8,CLOSED_LOOP,3,379,16,2,3,5,5,2,0,0.0,1.0,30.0,0.0,30.0
189,7,400.0,15,8,3,0.15,400,GOVERNED,0.5,5,0.9,5,3,7,GOVERNED,4,201,174,5,89,68,68,15,0,0.0,1.088235294117647,40.0,0.0,40.0
182,7,400.0,15,8,3,0.15,400,GOVERNED,0.1,10,0.9,5,3,7,GOVERNED,8,358,33,5,4,11,11,2,0,0.0,3.1818181818181817,80.0,0.0,80.0
194,8,400.0,15,8,3,0.15,400,CLOSED_LOOP,0.1,10,0.9,5,3,8,CLOSED_LOOP,3,379,16,2,3,5,5,2,0,0.0,1.0,30.0,0.0,30.0
190,7,400.0,15,8,3,0.15,400,GOVERNED,0.5,10,0.9,5,3,7,GOVERNED,1,113,268,7,180,85,84,6,0,0.0117647058823529,1.0357142857142858,10.0,0.0,10.0
191,7,400.0,15,8,3,0.15,400,GOVERNED,0.5,25,0.9,5,3,7,GOVERNED,1,113,268,7,180,85,84,6,0,0.0117647058823529,1.0357142857142858,10.0,0.0,10.0
196,8,400.0,15,8,3,0.15,400,CLOSED_LOOP,0.25,3,0.9,5,3,8,CLOSED_LOOP,3,382,15,1,4,5,5,1,0,0.0,1.0,30.0,0.0,30.0
197,8,400.0,15,8,3,0.15,400,CLOSED_LOOP,0.25,5,0.9,5,3,8,CLOSED_LOOP,3,382,15,1,4,5,5,1,0,0.0,1.0,30.0,0.0,30.0
179,7,400.0,15,8,3,0.15,400,CLOSED_LOOP,0.5,25,0.9,5,3,7,CLOSED_LOOP,1,113,268,7,180,85,84,6,0,0.0117647058823529,1.0357142857142858,10.0,0.0,10.0
199,8,400.0,15,8,3,0.15,400,CLOSED_LOOP,0.25,25,0.9,5,3,8,CLOSED_LOOP,3,382,15,1,4,5,5,1,0,0.0,1.0,30.0,0.0,30.0
187,7,400.0,15,8,3,0.15,400,GOVERNED,0.25,25,0.9,5,3,7,GOVERNED,9,241,143,11,40,37,37,5,0,0.0,1.3243243243243243,90.0,0.0,90.0
195,8,400.0,15,8,3,0.15,400,CLOSED_LOOP,0.1,25,0.9,5,3,8,CLOSED_LOOP,3,379,16,2,3,5,5,2,0,0.0,1.0,30.0,0.0,30.0
204,8,400.0,15,8,3,0.15,400,GOVERNED,0.1,3,0.9,5,3,8,GOVERNED,3,379,16,2,3,5,5,2,0,0.0,1.0,30.0,0.0,30.0
198,8,400.0,15,8,3,0.15,400,CLOSED_LOOP,0.25,10,0.9,5,3,8,CLOSED_LOOP,3,382,15,1,4,5,5,1,0,0.0,1.0,30.0,0.0,30.0
205,8,400.0,15,8,3,0.15,400,GOVERNED,0.1,5,0.9,5,3,8,GOVERNED,3,379,16,2,3,5,5,2,0,0.0,1.0,30.0,0.0,30.0
207,8,400.0,15,8,3,0.15,400,GOVERNED,0.1,25,0.9,5,3,8,GOVERNED,3,379,16,2,3,5,5,2,0,0.0,1.0,30.0,0.0,30.0
206,8,400.0,15,8,3,0.15,400,GOVERNED,0.1,10,0.9,5,3,8,GOVERNED,3,379,16,2,3,5,5,2,0,0.0,1.0,30.0,0.0,30.0
209,8,400.0,15,8,3,0.15,400,GOVERNED,0.25,5,0.9,5,3,8,GOVERNED,3,382,15,1,4,5,5,1,0,0.0,1.0,30.0,0.0,30.0
203,8,400.0,15,8,3,0.15,400,CLOSED_LOOP,0.5,25,0.9,5,3,8,CLOSED_LOOP,2,151,219,7,109,69,69,13,0,0.0,1.0869565217391304,20.0,0.0,20.0
210,8,400.0,15,8,3,0.15,400,GOVERNED,0.25,10,0.9,5,3,8,GOVERNED,3,382,15,1,4,5,5,1,0,0.0,1.0,30.0,0.0,30.0
208,8,400.0,15,8,3,0.15,400,GOVERNED,0.25,3,0.9,5,3,8,GOVERNED,3,382,15,1,4,5,5,1,0,0.0,1.0,30.0,0.0,30.0
201,8,400.0,15,8,3,0.15,400,CLOSED_LOOP,0.5,5,0.9,5,3,8,CLOSED_LOOP,2,151,219,7,109,69,69,13,0,0.0,1.0869565217391304,20.0,0.0,20.0
200,8,400.0,15,8,3,0.15,400,CLOSED_LOOP,0.5,3,0.9,5,3,8,CLOSED_LOOP,2,151,219,7,109,69,69,13,0,0.0,1.0869565217391304,20.0,0.0,20.0
202,8,400.0,15,8,3,0.15,400,CLOSED_LOOP,0.5,10,0.9,5,3,8,CLOSED_LOOP,2,151,219,7,109,69,69,13,0,0.0,1.0869565217391304,20.0,0.0,20.0
217,9,400.0,15,8,3,0.15,400,CLOSED_LOOP,0.1,5,0.9,5,3,9,CLOSED_LOOP,7,372,21,4,3,6,6,2,0,0.0,4.0,70.0,0.0,70.0
218,9,400.0,15,8,3,0.15,400,CLOSED_LOOP,0.1,10,0.9,5,3,9,CLOSED_LOOP,7,372,21,4,3,6,6,2,0,0.0,4.0,70.0,0.0,70.0
216,9,400.0,15,8,3,0.15,400,CLOSED_LOOP,0.1,3,0.9,5,3,9,CLOSED_LOOP,7,372,21,4,3,6,6,2,0,0.0,4.0,70.0,0.0,70.0
214,8,400.0,15,8,3,0.15,400,GOVERNED,0.5,10,0.9,5,3,8,GOVERNED,2,151,219,7,109,69,69,13,0,0.0,1.0869565217391304,20.0,0.0,20.0
212,8,400.0,15,8,3,0.15,400,GOVERNED,0.5,3,0.9,5,3,8,GOVERNED,6,248,122,3,62,57,55,20,0,0.03508771929824561,1.1272727272727272,60.0,0.0,60.0
215,8,400.0,15,8,3,0.15,400,GOVERNED,0.5,25,0.9,5,3,8,GOVERNED,2,151,219,7,109,69,69,13,0,0.0,1.0869565217391304,20.0,0.0,20.0
211,8,400.0,15,8,3,0.15,400,GOVERNED,0.25,25,0.9,5,3,8,GOVERNED,3,382,15,1,4,5,5,1,0,0.0,1.0,30.0,0.0,30.0
220,9,400.0,15,8,3,0.15,400,CLOSED_LOOP,0.25,3,0.9,5,3,9,CLOSED_LOOP,9,222,158,19,38,38,38,1,0,0.0,1.763157894736842,90.0,0.0,90.0
213,8,400.0,15,8,3,0.15,400,GOVERNED,0.5,5,0.9,5,3,8,GOVERNED,4,228,147,5,68,52,52,13,0,0.0,1.0961538461538463,40.0,0.0,40.0
223,9,400.0,15,8,3,0.15,400,CLOSED_LOOP,0.25,25,0.9,5,3,9,CLOSED_LOOP,9,222,158,19,38,38,38,1,0,0.0,1.763157894736842,90.0,0.0,90.0
222,9,400.0,15,8,3,0.15,400,CLOSED_LOOP,0.25,10,0.9,5,3,9,CLOSED_LOOP,9,222,158,19,38,38,38,1,0,0.0,1.763157894736842,90.0,0.0,90.0
224,9,400.0,15,8,3,0.15,400,CLOSED_LOOP,0.5,3,0.9,5,3,9,CLOSED_LOOP,1,269,116,4,79,34,34,6,0,0.0,1.1470588235294117,10.0,0.0,10.0
226,9,400.0,15,8,3,0.15,400,CLOSED_LOOP,0.5,10,0.9,5,3,9,CLOSED_LOOP,1,269,116,4,79,34,34,6,0,0.0,1.1470588235294117,10.0,0.0,10.0
225,9,400.0,15,8,3,0.15,400,CLOSED_LOOP,0.5,5,0.9,5,3,9,CLOSED_LOOP,1,269,116,4,79,34,34,6,0,0.0,1.1470588235294117,10.0,0.0,10.0
230,9,400.0,15,8,3,0.15,400,GOVERNED,0.1,10,0.9,5,3,9,GOVERNED,7,372,21,4,3,6,6,2,0,0.0,4.0,70.0,0.0,70.0
219,9,400.0,15,8,3,0.15,400,CLOSED_LOOP,0.1,25,0.9,5,3,9,CLOSED_LOOP,7,372,21,4,3,6,6,2,0,0.0,4.0,70.0,0.0,70.0
227,9,400.0,15,8,3,0.15,400,CLOSED_LOOP,0.5,25,0.9,5,3,9,CLOSED_LOOP,1,269,116,4,79,34,34,6,0,0.0,1.1470588235294117,10.0,0.0,10.0
221,9,400.0,15,8,3,0.15,400,CLOSED_LOOP,0.25,5,0.9,5,3,9,CLOSED_LOOP,9,222,158,19,38,38,38,1,0,0.0,1.763157894736842,90.0,0.0,90.0
228,9,400.0,15,8,3,0.15,400,GOVERNED,0.1,3,0.9,5,3,9,GOVERNED,8,376,16,3,2,7,7,4,0,0.0,3.0,80.0,0.0,80.0
231,9,400.0,15,8,3,0.15,400,GOVERNED,0.1,25,0.9,5,3,9,GOVERNED,7,372,21,4,3,6,6,2,0,0.0,4.0,70.0,0.0,70.0
232,9,400.0,15,8,3,0.15,400,GOVERNED,0.25,3,0.9,5,3,9,GOVERNED,11,365,25,3,3,12,12,7,0,0.0,1.75,110.0,0.0,110.0
234,9,400.0,15,8,3,0.15,400,GOVERNED,0.25,10,0.9,5,3,9,GOVERNED,13,298,74,10,12,41,40,18,0,0.024390243902439046,2.625,130.0,0.0,130.0
229,9,400.0,15,8,3,0.15,400,GOVERNED,0.1,5,0.9,5,3,9,GOVERNED,7,372,21,4,3,6,6,2,0,0.0,4.0,70.0,0.0,70.0
233,9,400.0,15,8,3,0.15,400,GOVERNED,0.25,5,0.9,5,3,9,GOVERNED,12,345,42,5,7,17,17,8,0,0.0,1.411764705882353,120.0,0.0,120.0
236,9,400.0,15,8,3,0.15,400,GOVERNED,0.5,3,0.9,5,3,9,GOVERNED,10,309,68,3,53,39,39,20,0,0.0,1.0,100.0,0.0,100.0
235,9,400.0,15,8,3,0.15,400,GOVERNED,0.25,25,0.9,5,3,9,GOVERNED,9,222,158,19,38,38,38,1,0,0.0,1.763157894736842,90.0,0.0,90.0
237,9,400.0,15,8,3,0.15,400,GOVERNED,0.5,5,0.9,5,3,9,GOVERNED,1,269,116,4,79,34,34,6,0,0.0,1.1470588235294117,10.0,0.0,10.0
238,9,400.0,15,8,3,0.15,400,GOVERNED,0.5,10,0.9,5,3,9,GOVERNED,1,269,116,4,79,34,34,6,0,0.0,1.1470588235294117,10.0,0.0,10.0
239,9,400.0,15,8,3,0.15,400,GOVERNED,0.5,25,0.9,5,3,9,GOVERNED,1,269,116,4,79,34,34,6,0,0.0,1.1470588235294117,10.0,0.0,10.0
241,10,400.0,15,8,3,0.15,400,CLOSED_LOOP,0.1,5,0.9,5,3,10,CLOSED_LOOP,8,315,69,11,7,19,17,4,0,0.10526315789473684,2.2941176470588234,80.0,0.0,80.0
240,10,400.0,15,8,3,0.15,400,CLOSED_LOOP,0.1,3,0.9,5,3,10,CLOSED_LOOP,8,315,69,11,7,19,17,4,0,0.10526315789473684,2.2941176470588234,80.0,0.0,80.0
243,10,400.0,15,8,3,0.15,400,CLOSED_LOOP,0.1,25,0.9,5,3,10,CLOSED_LOOP,8,315,69,11,7,19,17,4,0,0.10526315789473684,2.2941176470588234,80.0,0.0,80.0
244,10,400.0,15,8,3,0.15,400,CLOSED_LOOP,0.25,3,0.9,5,3,10,CLOSED_LOOP,6,175,201,22,59,52,49,1,0,0.05769230769230771,1.6938775510204083,60.0,0.0,60.0
246,10,400.0,15,8,3,0.15,400,CLOSED_LOOP,0.25,10,0.9,5,3,10,CLOSED_LOOP,6,175,201,22,59,52,49,1,0,0.05769230769230771,1.6938775510204083,60.0,0.0,60.0
247,10,400.0,15,8,3,0.15,400,CLOSED_LOOP,0.25,25,0.9,5,3,10,CLOSED_LOOP,6,175,201,22,59,52,49,1,0,0.05769230769230771,1.6938775510204083,60.0,0.0,60.0
245,10,400.0,15,8,3,0.15,400,CLOSED_LOOP,0.25,5,0.9,5,3,10,CLOSED_LOOP,6,175,201,22,59,52,49,1,0,0.05769230769230771,1.6938775510204083,60.0,0.0,60.0
242,10,400.0,15,8,3,0.15,400,CLOSED_LOOP,0.1,10,0.9,5,3,10,CLOSED_LOOP,8,315,69,11,7,19,17,4,0,0.10526315789473684,2.2941176470588234,80.0,0.0,80.0
254,10,400.0,15,8,3,0.15,400,GOVERNED,0.1,10,0.9,5,3,10,GOVERNED,11,317,64,10,7,21,20,8,0,0.04761904761904767,2.2,110.0,0.0,110.0
255,10,400.0,15,8,3,0.15,400,GOVERNED,0.1,25,0.9,5,3,10,GOVERNED,8,315,69,11,7,19,17,4,0,0.10526315789473684,2.2941176470588234,80.0,0.0,80.0
253,10,400.0,15,8,3,0.15,400,GOVERNED,0.1,5,0.9,5,3,10,GOVERNED,12,361,29,5,1,11,10,5,0,0.09090909090909094,2.8,120.0,0.0,120.0
248,10,400.0,15,8,3,0.15,400,CLOSED_LOOP,0.5,3,0.9,5,3,10,CLOSED_LOOP,0,77,303,17,186,75,75,2,0,0.0,1.0,0.0,0.0,0.0
256,10,400.0,15,8,3,0.15,400,GOVERNED,0.25,3,0.9,5,3,10,GOVERNED,16,335,45,3,11,30,30,17,0,0.0,3.4,160.0,0.0,160.0
250,10,400.0,15,8,3,0.15,400,CLOSED_LOOP,0.5,10,0.9,5,3,10,CLOSED_LOOP,0,77,303,17,186,75,75,2,0,0.0,1.0,0.0,0.0,0.0
252,10,400.0,15,8,3,0.15,400,GOVERNED,0.1,3,0.9,5,3,10,GOVERNED,18,363,19,3,1,21,19,15,0,0.09523809523809523,4.894736842105263,180.0,0.0,180.0
249,10,400.0,15,8,3,0.15,400,CLOSED_LOOP,0.5,5,0.9,5,3,10,CLOSED_LOOP,0,77,303,17,186,75,75,2,0,0.0,1.0,0.0,0.0,0.0
251,10,400.0,15,8,3,0.15,400,CLOSED_LOOP,0.5,25,0.9,5,3,10,CLOSED_LOOP,0,77,303,17,186,75,75,2,0,0.0,1.0,0.0,0.0,0.0
260,10,400.0,15,8,3,0.15,400,GOVERNED,0.5,3,0.9,5,3,10,GOVERNED,9,329,50,3,23,35,35,18,0,0.0,1.2571428571428571,90.0,0.0,90.0
264,11,400.0,15,8,3,0.15,400,CLOSED_LOOP,0.1,3,0.9,5,3,11,CLOSED_LOOP,7,331,59,8,11,17,17,2,0,0.0,2.4705882352941178,70.0,0.0,70.0
265,11,400.0,15,8,3,0.15,400,CLOSED_LOOP,0.1,5,0.9,5,3,11,CLOSED_LOOP,7,331,59,8,11,17,17,2,0,0.0,2.4705882352941178,70.0,0.0,70.0
258,10,400.0,15,8,3,0.15,400,GOVERNED,0.25,10,0.9,5,3,10,GOVERNED,12,276,101,10,25,39,38,13,0,0.02564102564102566,2.289473684210526,120.0,0.0,120.0
257,10,400.0,15,8,3,0.15,400,GOVERNED,0.25,5,0.9,5,3,10,GOVERNED,15,314,58,5,13,41,39,23,0,0.04878048780487809,2.051282051282051,150.0,0.0,150.0
266,11,400.0,15,8,3,0.15,400,CLOSED_LOOP,0.1,10,0.9,5,3,11,CLOSED_LOOP,7,331,59,8,11,17,17,2,0,0.0,2.4705882352941178,70.0,0.0,70.0
267,11,400.0,15,8,3,0.15,400,CLOSED_LOOP,0.1,25,0.9,5,3,11,CLOSED_LOOP,7,331,59,8,11,17,17,2,0,0.0,2.4705882352941178,70.0,0.0,70.0
269,11,400.0,15,8,3,0.15,400,CLOSED_LOOP,0.25,5,0.9,5,3,11,CLOSED_LOOP,3,359,37,3,18,11,11,1,0,0.0,1.5454545454545454,30.0,0.0,30.0
261,10,400.0,15,8,3,0.15,400,GOVERNED,0.5,5,0.9,5,3,10,GOVERNED,5,294,83,5,47,42,42,18,0,0.0,1.0714285714285714,50.0,0.0,50.0
270,11,400.0,15,8,3,0.15,400,CLOSED_LOOP,0.25,10,0.9,5,3,11,CLOSED_LOOP,3,359,37,3,18,11,11,1,0,0.0,1.5454545454545454,30.0,0.0,30.0
259,10,400.0,15,8,3,0.15,400,GOVERNED,0.25,25,0.9,5,3,10,GOVERNED,6,175,201,22,59,52,49,1,0,0.05769230769230771,1.6938775510204083,60.0,0.0,60.0
262,10,400.0,15,8,3,0.15,400,GOVERNED,0.5,10,0.9,5,3,10,GOVERNED,8,221,155,10,89,57,56,14,0,0.01754385964912286,1.5,80.0,0.0,80.0
271,11,400.0,15,8,3,0.15,400,CLOSED_LOOP,0.25,25,0.9,5,3,11,CLOSED_LOOP,3,359,37,3,18,11,11,1,0,0.0,1.5454545454545454,30.0,0.0,30.0
268,11,400.0,15,8,3,0.15,400,CLOSED_LOOP,0.25,3,0.9,5,3,11,CLOSED_LOOP,3,359,37,3,18,11,11,1,0,0.0,1.5454545454545454,30.0,0.0,30.0
263,10,400.0,15,8,3,0.15,400,GOVERNED,0.5,25,0.9,5,3,10,GOVERNED,0,77,303,17,186,75,75,2,0,0.0,1.0,0.0,0.0,0.0
276,11,400.0,15,8,3,0.15,400,GOVERNED,0.1,3,0.9,5,3,11,GOVERNED,12,374,20,3,2,7,7,3,0,0.0,1.7142857142857142,120.0,0.0,120.0
272,11,400.0,15,8,3,0.15,400,CLOSED_LOOP,0.5,3,0.9,5,3,11,CLOSED_LOOP,1,79,305,6,146,91,91,7,0,0.0,1.021978021978022,10.0,0.0,10.0
277,11,400.0,15,8,3,0.15,400,GOVERNED,0.1,5,0.9,5,3,11,GOVERNED,12,351,39,5,7,16,16,5,0,0.0,2.5,120.0,0.0,120.0
279,11,400.0,15,8,3,0.15,400,GOVERNED,0.1,25,0.9,5,3,11,GOVERNED,7,331,59,8,11,17,17,2,0,0.0,2.4705882352941178,70.0,0.0,70.0
278,11,400.0,15,8,3,0.15,400,GOVERNED,0.1,10,0.9,5,3,11,GOVERNED,7,331,59,8,11,17,17,2,0,0.0,2.4705882352941178,70.0,0.0,70.0
280,11,400.0,15,8,3,0.15,400,GOVERNED,0.25,3,0.9,5,3,11,GOVERNED,6,356,37,3,18,15,14,4,0,0.06666666666666665,1.9285714285714286,60.0,0.0,60.0
282,11,400.0,15,8,3,0.15,400,GOVERNED,0.25,10,0.9,5,3,11,GOVERNED,3,359,37,3,18,11,11,1,0,0.0,1.5454545454545454,30.0,0.0,30.0
274,11,400.0,15,8,3,0.15,400,CLOSED_LOOP,0.5,10,0.9,5,3,11,CLOSED_LOOP,1,79,305,6,146,91,91,7,0,0.0,1.021978021978022,10.0,0.0,10.0
275,11,400.0,15,8,3,0.15,400,CLOSED_LOOP,0.5,25,0.9,5,3,11,CLOSED_LOOP,1,79,305,6,146,91,91,7,0,0.0,1.021978021978022,10.0,0.0,10.0
288,12,400.0,15,8,3,0.15,400,CLOSED_LOOP,0.1,3,0.9,5,3,12,CLOSED_LOOP,5,387,10,2,0,2,2,1,0,0.0,2.5,50.0,0.0,50.0
281,11,400.0,15,8,3,0.15,400,GOVERNED,0.25,5,0.9,5,3,11,GOVERNED,3,359,37,3,18,11,11,1,0,0.0,1.5454545454545454,30.0,0.0,30.0
290,12,400.0,15,8,3,0.15,400,CLOSED_LOOP,0.1,10,0.9,5,3,12,CLOSED_LOOP,5,387,10,2,0,2,2,1,0,0.0,2.5,50.0,0.0,50.0
283,11,400.0,15,8,3,0.15,400,GOVERNED,0.25,25,0.9,5,3,11,GOVERNED,3,359,37,3,18,11,11,1,0,0.0,1.5454545454545454,30.0,0.0,30.0
273,11,400.0,15,8,3,0.15,400,CLOSED_LOOP,0.5,5,0.9,5,3,11,CLOSED_LOOP,1,79,305,6,146,91,91,7,0,0.0,1.021978021978022,10.0,0.0,10.0
289,12,400.0,15,8,3,0.15,400,CLOSED_LOOP,0.1,5,0.9,5,3,12,CLOSED_LOOP,5,387,10,2,0,2,2,1,0,0.0,2.5,50.0,0.0,50.0
291,12,400.0,15,8,3,0.15,400,CLOSED_LOOP,0.1,25,0.9,5,3,12,CLOSED_LOOP,5,387,10,2,0,2,2,1,0,0.0,2.5,50.0,0.0,50.0
284,11,400.0,15,8,3,0.15,400,GOVERNED,0.5,3,0.9,5,3,11,GOVERNED,3,134,253,3,121,80,80,8,0,0.0,1.0875,30.0,0.0,30.0
292,12,400.0,15,8,3,0.15,400,CLOSED_LOOP,0.25,3,0.9,5,3,12,CLOSED_LOOP,2,358,38,4,19,9,9,0,0,0.0,1.0,20.0,0.0,20.0
285,11,400.0,15,8,3,0.15,400,GOVERNED,0.5,5,0.9,5,3,11,GOVERNED,1,84,300,5,145,94,94,8,0,0.0,1.0106382978723405,10.0,0.0,10.0
293,12,400.0,15,8,3,0.15,400,CLOSED_LOOP,0.25,5,0.9,5,3,12,CLOSED_LOOP,2,358,38,4,19,9,9,0,0,0.0,1.0,20.0,0.0,20.0
294,12,400.0,15,8,3,0.15,400,CLOSED_LOOP,0.25,10,0.9,5,3,12,CLOSED_LOOP,2,358,38,4,19,9,9,0,0,0.0,1.0,20.0,0.0,20.0
295,12,400.0,15,8,3,0.15,400,CLOSED_LOOP,0.25,25,0.9,5,3,12,CLOSED_LOOP,2,358,38,4,19,9,9,0,0,0.0,1.0,20.0,0.0,20.0
300,12,400.0,15,8,3,0.15,400,GOVERNED,0.1,3,0.9,5,3,12,GOVERNED,5,387,10,2,0,2,2,1,0,0.0,2.5,50.0,0.0,50.0
302,12,400.0,15,8,3,0.15,400,GOVERNED,0.1,10,0.9,5,3,12,GOVERNED,5,387,10,2,0,2,2,1,0,0.0,2.5,50.0,0.0,50.0
286,11,400.0,15,8,3,0.15,400,GOVERNED,0.5,10,0.9,5,3,11,GOVERNED,1,79,305,6,146,91,91,7,0,0.0,1.021978021978022,10.0,0.0,10.0
303,12,400.0,15,8,3,0.15,400,GOVERNED,0.1,25,0.9,5,3,12,GOVERNED,5,387,10,2,0,2,2,1,0,0.0,2.5,50.0,0.0,50.0
301,12,400.0,15,8,3,0.15,400,GOVERNED,0.1,5,0.9,5,3,12,GOVERNED,5,387,10,2,0,2,2,1,0,0.0,2.5,50.0,0.0,50.0
296,12,400.0,15,8,3,0.15,400,CLOSED_LOOP,0.5,3,0.9,5,3,12,CLOSED_LOOP,0,182,196,11,94,56,52,7,0,0.0714285714285714,1.1923076923076923,0.0,0.0,0.0
305,12,400.0,15,8,3,0.15,400,GOVERNED,0.25,5,0.9,5,3,12,GOVERNED,2,358,38,4,19,9,9,0,0,0.0,1.0,20.0,0.0,20.0
304,12,400.0,15,8,3,0.15,400,GOVERNED,0.25,3,0.9,5,3,12,GOVERNED,5,373,19,3,6,11,10,5,0,0.09090909090909094,1.0,50.0,0.0,50.0
306,12,400.0,15,8,3,0.15,400,GOVERNED,0.25,10,0.9,5,3,12,GOVERNED,2,358,38,4,19,9,9,0,0,0.0,1.0,20.0,0.0,20.0
287,11,400.0,15,8,3,0.15,400,GOVERNED,0.5,25,0.9,5,3,11,GOVERNED,1,79,305,6,146,91,91,7,0,0.0,1.021978021978022,10.0,0.0,10.0
307,12,400.0,15,8,3,0.15,400,GOVERNED,0.25,25,0.9,5,3,12,GOVERNED,2,358,38,4,19,9,9,0,0,0.0,1.0,20.0,0.0,20.0
298,12,400.0,15,8,3,0.15,400,CLOSED_LOOP,0.5,10,0.9,5,3,12,CLOSED_LOOP,0,182,196,11,94,56,52,7,0,0.0714285714285714,1.1923076923076923,0.0,0.0,0.0
313,13,400.0,15,8,3,0.15,400,CLOSED_LOOP,0.1,5,0.9,5,3,13,CLOSED_LOOP,13,362,30,6,0,7,7,2,0,0.0,5.285714285714286,130.0,0.0,130.0
299,12,400.0,15,8,3,0.15,400,CLOSED_LOOP,0.5,25,0.9,5,3,12,CLOSED_LOOP,0,182,196,11,94,56,52,7,0,0.0714285714285714,1.1923076923076923,0.0,0.0,0.0
315,13,400.0,15,8,3,0.15,400,CLOSED_LOOP,0.1,25,0.9,5,3,13,CLOSED_LOOP,13,362,30,6,0,7,7,2,0,0.0,5.285714285714286,130.0,0.0,130.0
297,12,400.0,15,8,3,0.15,400,CLOSED_LOOP,0.5,5,0.9,5,3,12,CLOSED_LOOP,0,182,196,11,94,56,52,7,0,0.0714285714285714,1.1923076923076923,0.0,0.0,0.0
314,13,400.0,15,8,3,0.15,400,CLOSED_LOOP,0.1,10,0.9,5,3,13,CLOSED_LOOP,13,362,30,6,0,7,7,2,0,0.0,5.285714285714286,130.0,0.0,130.0
316,13,400.0,15,8,3,0.15,400,CLOSED_LOOP,0.25,3,0.9,5,3,13,CLOSED_LOOP,6,275,110,12,37,26,26,2,0,0.0,1.3846153846153846,60.0,0.0,60.0
308,12,400.0,15,8,3,0.15,400,GOVERNED,0.5,3,0.9,5,3,12,GOVERNED,8,290,89,3,42,37,36,15,0,0.027027027027026973,1.8888888888888888,80.0,0.0,80.0
317,13,400.0,15,8,3,0.15,400,CLOSED_LOOP,0.25,5,0.9,5,3,13,CLOSED_LOOP,6,275,110,12,37,26,26,2,0,0.0,1.3846153846153846,60.0,0.0,60.0
312,13,400.0,15,8,3,0.15,400,CLOSED_LOOP,0.1,3,0.9,5,3,13,CLOSED_LOOP,13,362,30,6,0,7,7,2,0,0.0,5.285714285714286,130.0,0.0,130.0
309,12,400.0,15,8,3,0.15,400,GOVERNED,0.5,5,0.9,5,3,12,GOVERNED,2,268,114,5,54,40,38,10,0,0.050000000000000044,1.1578947368421053,20.0,0.0,20.0
310,12,400.0,15,8,3,0.15,400,GOVERNED,0.5,10,0.9,5,3,12,GOVERNED,1,203,174,10,83,53,51,10,0,0.037735849056603765,1.0980392156862746,10.0,0.0,10.0
321,13,400.0,15,8,3,0.15,400,CLOSED_LOOP,0.5,5,0.9,5,3,13,CLOSED_LOOP,3,139,236,7,129,70,69,9,0,0.014285714285714235,1.0434782608695652,30.0,0.0,30.0
319,13,400.0,15,8,3,0.15,400,CLOSED_LOOP,0.25,25,0.9,5,3,13,CLOSED_LOOP,6,275,110,12,37,26,26,2,0,0.0,1.3846153846153846,60.0,0.0,60.0
320,13,400.0,15,8,3,0.15,400,CLOSED_LOOP,0.5,3,0.9,5,3,13,CLOSED_LOOP,3,139,236,7,129,70,69,9,0,0.014285714285714235,1.0434782608695652,30.0,0.0,30.0
325,13,400.0,15,8,3,0.15,400,GOVERNED,0.1,5,0.9,5,3,13,GOVERNED,18,359,25,5,0,13,13,11,0,0.0,5.153846153846154,180.0,0.0,180.0
324,13,400.0,15,8,3,0.15,400,GOVERNED,0.1,3,0.9,5,3,13,GOVERNED,15,374,15,3,0,9,9,8,0,0.0,4.444444444444445,150.0,0.0,150.0
326,13,400.0,15,8,3,0.15,400,GOVERNED,0.1,10,0.9,5,3,13,GOVERNED,13,362,30,6,0,7,7,2,0,0.0,5.285714285714286,130.0,0.0,130.0
322,13,400.0,15,8,3,0.15,400,CLOSED_LOOP,0.5,10,0.9,5,3,13,CLOSED_LOOP,3,139,236,7,129,70,69,9,0,0.014285714285714235,1.0434782608695652,30.0,0.0,30.0
327,13,400.0,15,8,3,0.15,400,GOVERNED,0.1,25,0.9,5,3,13,GOVERNED,13,362,30,6,0,7,7,2,0,0.0,5.285714285714286,130.0,0.0,130.0
318,13,400.0,15,8,3,0.15,400,CLOSED_LOOP,0.25,10,0.9,5,3,13,CLOSED_LOOP,6,275,110,12,37,26,26,2,0,0.0,1.3846153846153846,60.0,0.0,60.0
311,12,400.0,15,8,3,0.15,400,GOVERNED,0.5,25,0.9,5,3,12,GOVERNED,0,182,196,11,94,56,52,7,0,0.0714285714285714,1.1923076923076923,0.0,0.0,0.0
328,13,400.0,15,8,3,0.15,400,GOVERNED,0.25,3,0.9,5,3,13,GOVERNED,8,368,26,3,6,10,10,3,0,0.0,4.0,80.0,0.0,80.0
323,13,400.0,15,8,3,0.15,400,CLOSED_LOOP,0.5,25,0.9,5,3,13,CLOSED_LOOP,3,139,236,7,129,70,69,9,0,0.014285714285714235,1.0434782608695652,30.0,0.0,30.0
329,13,400.0,15,8,3,0.15,400,GOVERNED,0.25,5,0.9,5,3,13,GOVERNED,7,355,36,5,7,11,11,4,0,0.0,1.0909090909090908,70.0,0.0,70.0
330,13,400.0,15,8,3,0.15,400,GOVERNED,0.25,10,0.9,5,3,13,GOVERNED,6,287,99,10,34,26,26,4,0,0.0,1.0384615384615385,60.0,0.0,60.0
337,14,400.0,15,8,3,0.15,400,CLOSED_LOOP,0.1,5,0.9,5,3,14,CLOSED_LOOP,4,362,33,4,9,8,8,1,0,0.0,2.625,40.0,0.0,40.0
331,13,400.0,15,8,3,0.15,400,GOVERNED,0.25,25,0.9,5,3,13,GOVERNED,6,275,110,12,37,26,26,2,0,0.0,1.3846153846153846,60.0,0.0,60.0
334,13,400.0,15,8,3,0.15,400,GOVERNED,0.5,10,0.9,5,3,13,GOVERNED,3,139,236,7,129,70,69,9,0,0.014285714285714235,1.0434782608695652,30.0,0.0,30.0
338,14,400.0,15,8,3,0.15,400,CLOSED_LOOP,0.1,10,0.9,5,3,14,CLOSED_LOOP,4,362,33,4,9,8,8,1,0,0.0,2.625,40.0,0.0,40.0
339,14,400.0,15,8,3,0.15,400,CLOSED_LOOP,0.1,25,0.9,5,3,14,CLOSED_LOOP,4,362,33,4,9,8,8,1,0,0.0,2.625,40.0,0.0,40.0
336,14,400.0,15,8,3,0.15,400,CLOSED_LOOP,0.1,3,0.9,5,3,14,CLOSED_LOOP,4,362,33,4,9,8,8,1,0,0.0,2.625,40.0,0.0,40.0
332,13,400.0,15,8,3,0.15,400,GOVERNED,0.5,3,0.9,5,3,13,GOVERNED,11,286,83,3,42,56,55,25,0,0.017857142857142905,1.290909090909091,110.0,0.0,110.0
341,14,400.0,15,8,3,0.15,400,CLOSED_LOOP,0.25,5,0.9,5,3,14,CLOSED_LOOP,5,348,47,3,17,12,12,1,0,0.0,1.5,50.0,0.0,50.0
342,14,400.0,15,8,3,0.15,400,CLOSED_LOOP,0.25,10,0.9,5,3,14,CLOSED_LOOP,5,348,47,3,17,12,12,1,0,0.0,1.5,50.0,0.0,50.0
335,13,400.0,15,8,3,0.15,400,GOVERNED,0.5,25,0.9,5,3,13,GOVERNED,3,139,236,7,129,70,69,9,0,0.014285714285714235,1.0434782608695652,30.0,0.0,30.0
343,14,400.0,15,8,3,0.15,400,CLOSED_LOOP,0.25,25,0.9,5,3,14,CLOSED_LOOP,5,348,47,3,17,12,12,1,0,0.0,1.5,50.0,0.0,50.0
340,14,400.0,15,8,3,0.15,400,CLOSED_LOOP,0.25,3,0.9,5,3,14,CLOSED_LOOP,5,348,47,3,17,12,12,1,0,0.0,1.5,50.0,0.0,50.0
349,14,400.0,15,8,3,0.15,400,GOVERNED,0.1,5,0.9,5,3,14,GOVERNED,4,362,33,4,9,8,8,1,0,0.0,2.625,40.0,0.0,40.0
352,14,400.0,15,8,3,0.15,400,GOVERNED,0.25,3,0.9,5,3,14,GOVERNED,6,368,28,3,3,7,7,1,0,0.0,1.8571428571428572,60.0,0.0,60.0
351,14,400.0,15,8,3,0.15,400,GOVERNED,0.1,25,0.9,5,3,14,GOVERNED,4,362,33,4,9,8,8,1,0,0.0,2.625,40.0,0.0,40.0
353,14,400.0,15,8,3,0.15,400,GOVERNED,0.25,5,0.9,5,3,14,GOVERNED,5,348,47,3,17,12,12,1,0,0.0,1.5,50.0,0.0,50.0
346,14,400.0,15,8,3,0.15,400,CLOSED_LOOP,0.5,10,0.9,5,3,14,CLOSED_LOOP,0,49,330,12,211,94,94,6,0,0.0,1.0212765957446808,0.0,0.0,0.0
348,14,400.0,15,8,3,0.15,400,GOVERNED,0.1,3,0.9,5,3,14,GOVERNED,15,362,27,3,8,17,14,8,0,0.17647058823529416,4.0,150.0,0.0,150.0
350,14,400.0,15,8,3,0.15,400,GOVERNED,0.1,10,0.9,5,3,14,GOVERNED,4,362,33,4,9,8,8,1,0,0.0,2.625,40.0,0.0,40.0
354,14,400.0,15,8,3,0.15,400,GOVERNED,0.25,10,0.9,5,3,14,GOVERNED,5,348,47,3,17,12,12,1,0,0.0,1.5,50.0,0.0,50.0
347,14,400.0,15,8,3,0.15,400,CLOSED_LOOP,0.5,25,0.9,5,3,14,CLOSED_LOOP,0,49,330,12,211,94,94,6,0,0.0,1.0212765957446808,0.0,0.0,0.0
355,14,400.0,15,8,3,0.15,400,GOVERNED,0.25,25,0.9,5,3,14,GOVERNED,5,348,47,3,17,12,12,1,0,0.0,1.5,50.0,0.0,50.0
344,14,400.0,15,8,3,0.15,400,CLOSED_LOOP,0.5,3,0.9,5,3,14,CLOSED_LOOP,0,49,330,12,211,94,94,6,0,0.0,1.0212765957446808,0.0,0.0,0.0
345,14,400.0,15,8,3,0.15,400,CLOSED_LOOP,0.5,5,0.9,5,3,14,CLOSED_LOOP,0,49,330,12,211,94,94,6,0,0.0,1.0212765957446808,0.0,0.0,0.0
356,14,400.0,15,8,3,0.15,400,GOVERNED,0.5,3,0.9,5,3,14,GOVERNED,10,274,108,3,48,49,49,15,0,0.0,1.0204081632653061,100.0,0.0,100.0
360,15,400.0,15,8,3,0.15,400,CLOSED_LOOP,0.1,3,0.9,5,3,15,CLOSED_LOOP,9,375,20,4,0,4,4,1,0,0.0,2.75,90.0,0.0,90.0
361,15,400.0,15,8,3,0.15,400,CLOSED_LOOP,0.1,5,0.9,5,3,15,CLOSED_LOOP,9,375,20,4,0,4,4,1,0,0.0,2.75,90.0,0.0,90.0
363,15,400.0,15,8,3,0.15,400,CLOSED_LOOP,0.1,25,0.9,5,3,15,CLOSED_LOOP,9,375,20,4,0,4,4,1,0,0.0,2.75,90.0,0.0,90.0
362,15,400.0,15,8,3,0.15,400,CLOSED_LOOP,0.1,10,0.9,5,3,15,CLOSED_LOOP,9,375,20,4,0,4,4,1,0,0.0,2.75,90.0,0.0,90.0
366,15,400.0,15,8,3,0.15,400,CLOSED_LOOP,0.25,10,0.9,5,3,15,CLOSED_LOOP,3,265,125,9,46,34,34,1,0,0.0,1.0,30.0,0.0,30.0
365,15,400.0,15,8,3,0.15,400,CLOSED_LOOP,0.25,5,0.9,5,3,15,CLOSED_LOOP,3,265,125,9,46,34,34,1,0,0.0,1.0,30.0,0.0,30.0
357,14,400.0,15,8,3,0.15,400,GOVERNED,0.5,5,0.9,5,3,14,GOVERNED,4,188,193,5,108,68,68,11,0,0.0,1.0294117647058822,40.0,0.0,40.0
368,15,400.0,15,8,3,0.15,400,CLOSED_LOOP,0.5,3,0.9,5,3,15,CLOSED_LOOP,2,339,47,2,20,20,19,6,0,0.050000000000000044,1.368421052631579,20.0,0.0,20.0
367,15,400.0,15,8,3,0.15,400,CLOSED_LOOP,0.25,25,0.9,5,3,15,CLOSED_LOOP,3,265,125,9,46,34,34,1,0,0.0,1.0,30.0,0.0,30.0
369,15,400.0,15,8,3,0.15,400,CLOSED_LOOP,0.5,5,0.9,5,3,15,CLOSED_LOOP,2,339,47,2,20,20,19,6,0,0.050000000000000044,1.368421052631579,20.0,0.0,20.0
333,13,400.0,15,8,3,0.15,400,GOVERNED,0.5,5,0.9,5,3,13,GOVERNED,6,259,124,5,66,46,46,9,0,0.0,1.0,60.0,0.0,60.0
372,15,400.0,15,8,3,0.15,400,GOVERNED,0.1,3,0.9,5,3,15,GOVERNED,13,378,15,3,0,9,8,4,0,0.11111111111111116,3.125,130.0,0.0,130.0
364,15,400.0,15,8,3,0.15,400,CLOSED_LOOP,0.25,3,0.9,5,3,15,CLOSED_LOOP,3,265,125,9,46,34,34,1,0,0.0,1.0,30.0,0.0,30.0
373,15,400.0,15,8,3,0.15,400,GOVERNED,0.1,5,0.9,5,3,15,GOVERNED,9,375,20,4,0,4,4,1,0,0.0,2.75,90.0,0.0,90.0
359,14,400.0,15,8,3,0.15,400,GOVERNED,0.5,25,0.9,5,3,14,GOVERNED,0,49,330,12,211,94,94,6,0,0.0,1.0212765957446808,0.0,0.0,0.0
375,15,400.0,15,8,3,0.15,400,GOVERNED,0.1,25,0.9,5,3,15,GOVERNED,9,375,20,4,0,4,4,1,0,0.0,2.75,90.0,0.0,90.0
376,15,400.0,15,8,3,0.15,400,GOVERNED,0.25,3,0.9,5,3,15,GOVERNED,11,325,66,3,34,31,29,6,0,0.06451612903225812,1.6206896551724137,110.0,0.0,110.0
374,15,400.0,15,8,3,0.15,400,GOVERNED,0.1,10,0.9,5,3,15,GOVERNED,9,375,20,4,0,4,4,1,0,0.0,2.75,90.0,0.0,90.0
377,15,400.0,15,8,3,0.15,400,GOVERNED,0.25,5,0.9,5,3,15,GOVERNED,9,308,77,5,35,31,31,10,0,0.0,1.7419354838709677,90.0,0.0,90.0
371,15,400.0,15,8,3,0.15,400,CLOSED_LOOP,0.5,25,0.9,5,3,15,CLOSED_LOOP,2,339,47,2,20,20,19,6,0,0.050000000000000044,1.368421052631579,20.0,0.0,20.0
378,15,400.0,15,8,3,0.15,400,GOVERNED,0.25,10,0.9,5,3,15,GOVERNED,3,265,125,9,46,34,34,1,0,0.0,1.0,30.0,0.0,30.0
370,15,400.0,15,8,3,0.15,400,CLOSED_LOOP,0.5,10,0.9,5,3,15,CLOSED_LOOP,2,339,47,2,20,20,19,6,0,0.050000000000000044,1.368421052631579,20.0,0.0,20.0
358,14,400.0,15,8,3,0.15,400,GOVERNED,0.5,10,0.9,5,3,14,GOVERNED,3,57,320,10,209,98,97,10,0,0.010204081632653073,1.0206185567010309,30.0,0.0,30.0
379,15,400.0,15,8,3,0.15,400,GOVERNED,0.25,25,0.9,5,3,15,GOVERNED,3,265,125,9,46,34,34,1,0,0.0,1.0,30.0,0.0,30.0
380,15,400.0,15,8,3,0.15,400,GOVERNED,0.5,3,0.9,5,3,15,GOVERNED,2,339,47,2,20,20,19,6,0,0.050000000000000044,1.368421052631579,20.0,0.0,20.0
382,15,400.0,15,8,3,0.15,400,GOVERNED,0.5,10,0.9,5,3,15,GOVERNED,2,339,47,2,20,20,19,6,0,0.050000000000000044,1.368421052631579,20.0,0.0,20.0
381,15,400.0,15,8,3,0.15,400,GOVERNED,0.5,5,0.9,5,3,15,GOVERNED,2,339,47,2,20,20,19,6,0,0.050000000000000044,1.368421052631579,20.0,0.0,20.0
389,16,400.0,15,8,3,0.15,400,CLOSED_LOOP,0.25,5,0.9,5,3,16,CLOSED_LOOP,5,328,59,6,19,21,19,5,0,0.09523809523809523,1.1578947368421053,50.0,0.0,50.0
390,16,400.0,15,8,3,0.15,400,CLOSED_LOOP,0.25,10,0.9,5,3,16,CLOSED_LOOP,5,328,59,6,19,21,19,5,0,0.09523809523809523,1.1578947368421053,50.0,0.0,50.0
387,16,400.0,15,8,3,0.15,400,CLOSED_LOOP,0.1,25,0.9,5,3,16,CLOSED_LOOP,12,332,56,8,6,15,15,3,0,0.0,4.333333333333333,120.0,0.0,120.0
391,16,400.0,15,8,3,0.15,400,CLOSED_LOOP,0.25,25,0.9,5,3,16,CLOSED_LOOP,5,328,59,6,19,21,19,5,0,0.09523809523809523,1.1578947368421053,50.0,0.0,50.0
383,15,400.0,15,8,3,0.15,400,GOVERNED,0.5,25,0.9,5,3,15,GOVERNED,2,339,47,2,20,20,19,6,0,0.050000000000000044,1.368421052631579,20.0,0.0,20.0
388,16,400.0,15,8,3,0.15,400,CLOSED_LOOP,0.25,3,0.9,5,3,16,CLOSED_LOOP,5,328,59,6,19,21,19,5,0,0.09523809523809523,1.1578947368421053,50.0,0.0,50.0
384,16,400.0,15,8,3,0.15,400,CLOSED_LOOP,0.1,3,0.9,5,3,16,CLOSED_LOOP,12,332,56,8,6,15,15,3,0,0.0,4.333333333333333,120.0,0.0,120.0
396,16,400.0,15,8,3,0.15,400,GOVERNED,0.1,3,0.9,5,3,16,GOVERNED,17,368,19,3,1,12,12,9,0,0.0,5.0,170.0,0.0,170.0
392,16,400.0,15,8,3,0.15,400,CLOSED_LOOP,0.5,3,0.9,5,3,16,CLOSED_LOOP,0,28,354,16,269,93,92,2,0,0.010752688172043001,1.0326086956521738,0.0,0.0,0.0
385,16,400.0,15,8,3,0.15,400,CLOSED_LOOP,0.1,5,0.9,5,3,16,CLOSED_LOOP,12,332,56,8,6,15,15,3,0,0.0,4.333333333333333,120.0,0.0,120.0
397,16,400.0,15,8,3,0.15,400,GOVERNED,0.1,5,0.9,5,3,16,GOVERNED,16,345,40,5,5,18,17,9,0,0.05555555555555558,4.588235294117647,160.0,0.0,160.0
394,16,400.0,15,8,3,0.15,400,CLOSED_LOOP,0.5,10,0.9,5,3,16,CLOSED_LOOP,0,28,354,16,269,93,92,2,0,0.010752688172043001,1.0326086956521738,0.0,0.0,0.0
395,16,400.0,15,8,3,0.15,400,CLOSED_LOOP,0.5,25,0.9,5,3,16,CLOSED_LOOP,0,28,354,16,269,93,92,2,0,0.010752688172043001,1.0326086956521738,0.0,0.0,0.0
386,16,400.0,15,8,3,0.15,400,CLOSED_LOOP,0.1,10,0.9,5,3,16,CLOSED_LOOP,12,332,56,8,6,15,15,3,0,0.0,4.333333333333333,120.0,0.0,120.0
398,16,400.0,15,8,3,0.15,400,GOVERNED,0.1,10,0.9,5,3,16,GOVERNED,12,332,56,8,6,15,15,3,0,0.0,4.333333333333333,120.0,0.0,120.0
402,16,400.0,15,8,3,0.15,400,GOVERNED,0.25,10,0.9,5,3,16,GOVERNED,5,328,59,6,19,21,19,5,0,0.09523809523809523,1.1578947368421053,50.0,0.0,50.0
403,16,400.0,15,8,3,0.15,400,GOVERNED,0.25,25,0.9,5,3,16,GOVERNED,5,328,59,6,19,21,19,5,0,0.09523809523809523,1.1578947368421053,50.0,0.0,50.0
393,16,400.0,15,8,3,0.15,400,CLOSED_LOOP,0.5,5,0.9,5,3,16,CLOSED_LOOP,0,28,354,16,269,93,92,2,0,0.010752688172043001,1.0326086956521738,0.0,0.0,0.0
401,16,400.0,15,8,3,0.15,400,GOVERNED,0.25,5,0.9,5,3,16,GOVERNED,7,332,54,5,18,19,19,7,0,0.0,1.1578947368421053,70.0,0.0,70.0
399,16,400.0,15,8,3,0.15,400,GOVERNED,0.1,25,0.9,5,3,16,GOVERNED,12,332,56,8,6,15,15,3,0,0.0,4.333333333333333,120.0,0.0,120.0
400,16,400.0,15,8,3,0.15,400,GOVERNED,0.25,3,0.9,5,3,16,GOVERNED,16,352,26,3,8,27,27,18,0,0.0,1.4444444444444444,160.0,0.0,160.0
408,17,400.0,15,8,3,0.15,400,CLOSED_LOOP,0.1,3,0.9,5,3,17,CLOSED_LOOP,8,362,33,5,6,8,7,0,0,0.125,2.4285714285714284,80.0,0.0,80.0
405,16,400.0,15,8,3,0.15,400,GOVERNED,0.5,5,0.9,5,3,16,GOVERNED,12,175,193,5,167,88,87,27,0,0.011363636363636354,1.1264367816091954,120.0,0.0,120.0
406,16,400.0,15,8,3,0.15,400,GOVERNED,0.5,10,0.9,5,3,16,GOVERNED,6,121,259,10,214,81,80,10,0,0.012345679012345734,1.0,60.0,0.0,60.0
404,16,400.0,15,8,3,0.15,400,GOVERNED,0.5,3,0.9,5,3,16,GOVERNED,14,263,102,3,83,67,66,32,0,0.014925373134328401,1.393939393939394,140.0,0.0,140.0
410,17,400.0,15,8,3,0.15,400,CLOSED_LOOP,0.1,10,0.9,5,3,17,CLOSED_LOOP,8,362,33,5,6,8,7,0,0,0.125,2.4285714285714284,80.0,0.0,80.0
412,17,400.0,15,8,3,0.15,400,CLOSED_LOOP,0.25,3,0.9,5,3,17,CLOSED_LOOP,7,279,98,11,27,32,32,8,0,0.0,1.40625,70.0,0.0,70.0
407,16,400.0,15,8,3,0.15,400,GOVERNED,0.5,25,0.9,5,3,16,GOVERNED,0,28,354,16,269,93,92,2,0,0.010752688172043001,1.0326086956521738,0.0,0.0,0.0
409,17,400.0,15,8,3,0.15,400,CLOSED_LOOP,0.1,5,0.9,5,3,17,CLOSED_LOOP,8,362,33,5,6,8,7,0,0,0.125,2.4285714285714284,80.0,0.0,80.0
413,17,400.0,15,8,3,0.15,400,CLOSED_LOOP,0.25,5,0.9,5,3,17,CLOSED_LOOP,7,279,98,11,27,32,32,8,0,0.0,1.40625,70.0,0.0,70.0
421,17,400.0,15,8,3,0.15,400,GOVERNED,0.1,5,0.9,5,3,17,GOVERNED,8,362,33,5,6,8,7,0,0,0.125,2.4285714285714284,80.0,0.0,80.0
411,17,400.0,15,8,3,0.15,400,CLOSED_LOOP,0.1,25,0.9,5,3,17,CLOSED_LOOP,8,362,33,5,6,8,7,0,0,0.125,2.4285714285714284,80.0,0.0,80.0
420,17,400.0,15,8,3,0.15,400,GOVERNED,0.1,3,0.9,5,3,17,GOVERNED,8,375,21,3,3,6,6,1,0,0.0,2.3333333333333335,80.0,0.0,80.0
418,17,400.0,15,8,3,0.15,400,CLOSED_LOOP,0.5,10,0.9,5,3,17,CLOSED_LOOP,0,115,259,10,185,78,77,10,0,0.012820512820512775,1.051948051948052,0.0,0.0,0.0
417,17,400.0,15,8,3,0.15,400,CLOSED_LOOP,0.5,5,0.9,5,3,17,CLOSED_LOOP,0,115,259,10,185,78,77,10,0,0.012820512820512775,1.051948051948052,0.0,0.0,0.0
424,17,400.0,15,8,3,0.15,400,GOVERNED,0.25,3,0.9,5,3,17,GOVERNED,15,352,27,3,9,33,32,18,0,0.030303030303030276,1.8125,150.0,0.0,150.0
422,17,400.0,15,8,3,0.15,400,GOVERNED,0.1,10,0.9,5,3,17,GOVERNED,8,362,33,5,6,8,7,0,0,0.125,2.4285714285714284,80.0,0.0,80.0
425,17,400.0,15,8,3,0.15,400,GOVERNED,0.25,5,0.9,5,3,17,GOVERNED,16,344,39,5,11,30,26,12,0,0.1333333333333333,1.6923076923076923,160.0,0.0,160.0
423,17,400.0,15,8,3,0.15,400,GOVERNED,0.1,25,0.9,5,3,17,GOVERNED,8,362,33,5,6,8,7,0,0,0.125,2.4285714285714284,80.0,0.0,80.0
414,17,400.0,15,8,3,0.15,400,CLOSED_LOOP,0.25,10,0.9,5,3,17,CLOSED_LOOP,7,279,98,11,27,32,32,8,0,0.0,1.40625,70.0,0.0,70.0
427,17,400.0,15,8,3,0.15,400,GOVERNED,0.25,25,0.9,5,3,17,GOVERNED,7,279,98,11,27,32,32,8,0,0.0,1.40625,70.0,0.0,70.0
415,17,400.0,15,8,3,0.15,400,CLOSED_LOOP,0.25,25,0.9,5,3,17,CLOSED_LOOP,7,279,98,11,27,32,32,8,0,0.0,1.40625,70.0,0.0,70.0
432,18,400.0,15,8,3,0.15,400,CLOSED_LOOP,0.1,3,0.9,5,3,18,CLOSED_LOOP,8,373,22,4,2,5,5,1,0,0.0,2.0,80.0,0.0,80.0
416,17,400.0,15,8,3,0.15,400,CLOSED_LOOP,0.5,3,0.9,5,3,17,CLOSED_LOOP,0,115,259,10,185,78,77,10,0,0.012820512820512775,1.051948051948052,0.0,0.0,0.0
433,18,400.0,15,8,3,0.15,400,CLOSED_LOOP,0.1,5,0.9,5,3,18,CLOSED_LOOP,8,373,22,4,2,5,5,1,0,0.0,2.0,80.0,0.0,80.0
428,17,400.0,15,8,3,0.15,400,GOVERNED,0.5,3,0.9,5,3,17,GOVERNED,18,256,101,3,84,67,67,39,0,0.0,1.4179104477611941,180.0,0.0,180.0
429,17,400.0,15,8,3,0.15,400,GOVERNED,0.5,5,0.9,5,3,17,GOVERNED,14,238,127,5,106,70,65,29,0,0.0714285714285714,1.5076923076923077,140.0,0.0,140.0
419,17,400.0,15,8,3,0.15,400,CLOSED_LOOP,0.5,25,0.9,5,3,17,CLOSED_LOOP,0,115,259,10,185,78,77,10,0,0.012820512820512775,1.051948051948052,0.0,0.0,0.0
430,17,400.0,15,8,3,0.15,400,GOVERNED,0.5,10,0.9,5,3,17,GOVERNED,3,132,240,10,174,76,75,14,0,0.013157894736842146,1.1066666666666667,30.0,0.0,30.0
426,17,400.0,15,8,3,0.15,400,GOVERNED,0.25,10,0.9,5,3,17,GOVERNED,7,302,81,10,21,25,25,6,0,0.0,1.44,70.0,0.0,70.0
435,18,400.0,15,8,3,0.15,400,CLOSED_LOOP,0.1,25,0.9,5,3,18,CLOSED_LOOP,8,373,22,4,2,5,5,1,0,0.0,2.0,80.0,0.0,80.0
434,18,400.0,15,8,3,0.15,400,CLOSED_LOOP,0.1,10,0.9,5,3,18,CLOSED_LOOP,8,373,22,4,2,5,5,1,0,0.0,2.0,80.0,0.0,80.0
436,18,400.0,15,8,3,0.15,400,CLOSED_LOOP,0.25,3,0.9,5,3,18,CLOSED_LOOP,4,340,50,4,12,16,16,4,0,0.0,1.625,40.0,0.0,40.0
438,18,400.0,15,8,3,0.15,400,CLOSED_LOOP,0.25,10,0.9,5,3,18,CLOSED_LOOP,4,340,50,4,12,16,16,4,0,0.0,1.625,40.0,0.0,40.0
440,18,400.0,15,8,3,0.15,400,CLOSED_LOOP,0.5,3,0.9,5,3,18,CLOSED_LOOP,2,215,161,5,90,51,50,11,0,0.019607843137254943,1.18,20.0,0.0,20.0
431,17,400.0,15,8,3,0.15,400,GOVERNED,0.5,25,0.9,5,3,17,GOVERNED,0,115,259,10,185,78,77,10,0,0.012820512820512775,1.051948051948052,0.0,0.0,0.0
444,18,400.0,15,8,3,0.15,400,GOVERNED,0.1,3,0.9,5,3,18,GOVERNED,9,380,15,3,1,5,5,2,0,0.0,2.0,90.0,0.0,90.0
437,18,400.0,15,8,3,0.15,400,CLOSED_LOOP,0.25,5,0.9,5,3,18,CLOSED_LOOP,4,340,50,4,12,16,16,4,0,0.0,1.625,40.0,0.0,40.0
441,18,400.0,15,8,3,0.15,400,CLOSED_LOOP,0.5,5,0.9,5,3,18,CLOSED_LOOP,2,215,161,5,90,51,50,11,0,0.019607843137254943,1.18,20.0,0.0,20.0
442,18,400.0,15,8,3,0.15,400,CLOSED_LOOP,0.5,10,0.9,5,3,18,CLOSED_LOOP,2,215,161,5,90,51,50,11,0,0.019607843137254943,1.18,20.0,0.0,20.0
443,18,400.0,15,8,3,0.15,400,CLOSED_LOOP,0.5,25,0.9,5,3,18,CLOSED_LOOP,2,215,161,5,90,51,50,11,0,0.019607843137254943,1.18,20.0,0.0,20.0
439,18,400.0,15,8,3,0.15,400,CLOSED_LOOP,0.25,25,0.9,5,3,18,CLOSED_LOOP,4,340,50,4,12,16,16,4,0,0.0,1.625,40.0,0.0,40.0
448,18,400.0,15,8,3,0.15,400,GOVERNED,0.25,3,0.9,5,3,18,GOVERNED,4,346,43,3,10,18,18,7,0,0.0,1.5,40.0,0.0,40.0
449,18,400.0,15,8,3,0.15,400,GOVERNED,0.25,5,0.9,5,3,18,GOVERNED,4,340,50,4,12,16,16,4,0,0.0,1.625,40.0,0.0,40.0
450,18,400.0,15,8,3,0.15,400,GOVERNED,0.25,10,0.9,5,3,18,GOVERNED,4,340,50,4,12,16,16,4,0,0.0,1.625,40.0,0.0,40.0
446,18,400.0,15,8,3,0.15,400,GOVERNED,0.1,10,0.9,5,3,18,GOVERNED,8,373,22,4,2,5,5,1,0,0.0,2.0,80.0,0.0,80.0
451,18,400.0,15,8,3,0.15,400,GOVERNED,0.25,25,0.9,5,3,18,GOVERNED,4,340,50,4,12,16,16,4,0,0.0,1.625,40.0,0.0,40.0
445,18,400.0,15,8,3,0.15,400,GOVERNED,0.1,5,0.9,5,3,18,GOVERNED,8,373,22,4,2,5,5,1,0,0.0,2.0,80.0,0.0,80.0
456,19,400.0,15,8,3,0.15,400,CLOSED_LOOP,0.1,3,0.9,5,3,19,CLOSED_LOOP,10,348,42,8,3,10,10,2,0,0.0,2.4,100.0,0.0,100.0
447,18,400.0,15,8,3,0.15,400,GOVERNED,0.1,25,0.9,5,3,18,GOVERNED,8,373,22,4,2,5,5,1,0,0.0,2.0,80.0,0.0,80.0
457,19,400.0,15,8,3,0.15,400,CLOSED_LOOP,0.1,5,0.9,5,3,19,CLOSED_LOOP,10,348,42,8,3,10,10,2,0,0.0,2.4,100.0,0.0,100.0
454,18,400.0,15,8,3,0.15,400,GOVERNED,0.5,10,0.9,5,3,18,GOVERNED,2,215,161,5,90,51,50,11,0,0.019607843137254943,1.18,20.0,0.0,20.0
458,19,400.0,15,8,3,0.15,400,CLOSED_LOOP,0.1,10,0.9,5,3,19,CLOSED_LOOP,10,348,42,8,3,10,10,2,0,0.0,2.4,100.0,0.0,100.0
461,19,400.0,15,8,3,0.15,400,CLOSED_LOOP,0.25,5,0.9,5,3,19,CLOSED_LOOP,4,305,85,5,38,28,27,3,0,0.0357142857142857,1.2962962962962963,40.0,0.0,40.0
455,18,400.0,15,8,3,0.15,400,GOVERNED,0.5,25,0.9,5,3,18,GOVERNED,2,215,161,5,90,51,50,11,0,0.019607843137254943,1.18,20.0,0.0,20.0
459,19,400.0,15,8,3,0.15,400,CLOSED_LOOP,0.1,25,0.9,5,3,19,CLOSED_LOOP,10,348,42,8,3,10,10,2,0,0.0,2.4,100.0,0.0,100.0
453,18,400.0,15,8,3,0.15,400,GOVERNED,0.5,5,0.9,5,3,18,GOVERNED,3,226,152,5,85,49,49,11,0,0.0,1.163265306122449,30.0,0.0,30.0
468,19,400.0,15,8,3,0.15,400,GOVERNED,0.1,3,0.9,5,3,19,GOVERNED,19,373,15,3,1,17,17,9,0,0.0,3.0588235294117645,190.0,0.0,190.0
469,19,400.0,15,8,3,0.15,400,GOVERNED,0.1,5,0.9,5,3,19,GOVERNED,11,364,25,5,2,13,12,6,0,0.07692307692307687,3.5,110.0,0.0,110.0
464,19,400.0,15,8,3,0.15,400,CLOSED_LOOP,0.5,3,0.9,5,3,19,CLOSED_LOOP,0,143,233,14,163,62,62,6,0,0.0,1.1129032258064515,0.0,0.0,0.0
470,19,400.0,15,8,3,0.15,400,GOVERNED,0.1,10,0.9,5,3,19,GOVERNED,10,348,42,8,3,10,10,2,0,0.0,2.4,100.0,0.0,100.0
465,19,400.0,15,8,3,0.15,400,CLOSED_LOOP,0.5,5,0.9,5,3,19,CLOSED_LOOP,0,143,233,14,163,62,62,6,0,0.0,1.1129032258064515,0.0,0.0,0.0
452,18,400.0,15,8,3,0.15,400,GOVERNED,0.5,3,0.9,5,3,18,GOVERNED,4,272,114,3,72,37,37,7,0,0.0,1.0,40.0,0.0,40.0
471,19,400.0,15,8,3,0.15,400,GOVERNED,0.1,25,0.9,5,3,19,GOVERNED,10,348,42,8,3,10,10,2,0,0.0,2.4,100.0,0.0,100.0
466,19,400.0,15,8,3,0.15,400,CLOSED_LOOP,0.5,10,0.9,5,3,19,CLOSED_LOOP,0,143,233,14,163,62,62,6,0,0.0,1.1129032258064515,0.0,0.0,0.0
474,19,400.0,15,8,3,0.15,400,GOVERNED,0.25,10,0.9,5,3,19,GOVERNED,4,305,85,5,38,28,27,3,0,0.0357142857142857,1.2962962962962963,40.0,0.0,40.0
477,19,400.0,15,8,3,0.15,400,GOVERNED,0.5,5,0.9,5,3,19,GOVERNED,8,332,41,5,17,32,32,21,0,0.0,1.15625,80.0,0.0,80.0
475,19,400.0,15,8,3,0.15,400,GOVERNED,0.25,25,0.9,5,3,19,GOVERNED,4,305,85,5,38,28,27,3,0,0.0357142857142857,1.2962962962962963,40.0,0.0,40.0
472,19,400.0,15,8,3,0.15,400,GOVERNED,0.25,3,0.9,5,3,19,GOVERNED,8,355,28,3,7,25,24,13,0,0.040000000000000036,1.6666666666666667,80.0,0.0,80.0
462,19,400.0,15,8,3,0.15,400,CLOSED_LOOP,0.25,10,0.9,5,3,19,CLOSED_LOOP,4,305,85,5,38,28,27,3,0,0.0357142857142857,1.2962962962962963,40.0,0.0,40.0
478,19,400.0,15,8,3,0.15,400,GOVERNED,0.5,10,0.9,5,3,19,GOVERNED,7,243,136,10,94,46,46,10,0,0.0,1.173913043478261,70.0,0.0,70.0
460,19,400.0,15,8,3,0.15,400,CLOSED_LOOP,0.25,3,0.9,5,3,19,CLOSED_LOOP,4,305,85,5,38,28,27,3,0,0.0357142857142857,1.2962962962962963,40.0,0.0,40.0
467,19,400.0,15,8,3,0.15,400,CLOSED_LOOP,0.5,25,0.9,5,3,19,CLOSED_LOOP,0,143,233,14,163,62,62,6,0,0.0,1.1129032258064515,0.0,0.0,0.0
463,19,400.0,15,8,3,0.15,400,CLOSED_LOOP,0.25,25,0.9,5,3,19,CLOSED_LOOP,4,305,85,5,38,28,27,3,0,0.0357142857142857,1.2962962962962963,40.0,0.0,40.0
476,19,400.0,15,8,3,0.15,400,GOVERNED,0.5,3,0.9,5,3,19,GOVERNED,15,338,24,3,7,54,50,34,0,0.07407407407407407,1.78,150.0,0.0,150.0
480,20,400.0,15,8,3,0.15,400,CLOSED_LOOP,0.1,3,0.9,5,3,20,CLOSED_LOOP,13,293,89,13,12,21,21,4,0,0.0,1.9047619047619047,130.0,0.0,130.0
482,20,400.0,15,8,3,0.15,400,CLOSED_LOOP,0.1,10,0.9,5,3,20,CLOSED_LOOP,13,293,89,13,12,21,21,4,0,0.0,1.9047619047619047,130.0,0.0,130.0
483,20,400.0,15,8,3,0.15,400,CLOSED_LOOP,0.1,25,0.9,5,3,20,CLOSED_LOOP,13,293,89,13,12,21,21,4,0,0.0,1.9047619047619047,130.0,0.0,130.0
486,20,400.0,15,8,3,0.15,400,CLOSED_LOOP,0.25,10,0.9,5,3,20,CLOSED_LOOP,8,209,174,16,47,43,43,1,0,0.0,1.069767441860465,80.0,0.0,80.0
487,20,400.0,15,8,3,0.15,400,CLOSED_LOOP,0.25,25,0.9,5,3,20,CLOSED_LOOP,8,209,174,16,47,43,43,1,0,0.0,1.069767441860465,80.0,0.0,80.0
484,20,400.0,15,8,3,0.15,400,CLOSED_LOOP,0.25,3,0.9,5,3,20,CLOSED_LOOP,8,209,174,16,47,43,43,1,0,0.0,1.069767441860465,80.0,0.0,80.0
479,19,400.0,15,8,3,0.15,400,GOVERNED,0.5,25,0.9,5,3,19,GOVERNED,0,143,233,14,163,62,62,6,0,0.0,1.1129032258064515,0.0,0.0,0.0
485,20,400.0,15,8,3,0.15,400,CLOSED_LOOP,0.25,5,0.9,5,3,20,CLOSED_LOOP,8,209,174,16,47,43,43,1,0,0.0,1.069767441860465,80.0,0.0,80.0
493,20,400.0,15,8,3,0.15,400,GOVERNED,0.1,5,0.9,5,3,20,GOVERNED,11,363,27,5,4,14,14,5,0,0.0,2.7142857142857144,110.0,0.0,110.0
473,19,400.0,15,8,3,0.15,400,GOVERNED,0.25,5,0.9,5,3,19,GOVERNED,5,319,69,5,33,25,24,6,0,0.040000000000000036,1.3333333333333333,50.0,0.0,50.0
495,20,400.0,15,8,3,0.15,400,GOVERNED,0.1,25,0.9,5,3,20,GOVERNED,13,293,89,13,12,21,21,4,0,0.0,1.9047619047619047,130.0,0.0,130.0
488,20,400.0,15,8,3,0.15,400,CLOSED_LOOP,0.5,3,0.9,5,3,20,CLOSED_LOOP,0,9,373,17,295,95,94,0,0,0.010526315789473717,1.0,0.0,0.0,0.0
492,20,400.0,15,8,3,0.15,400,GOVERNED,0.1,3,0.9,5,3,20,GOVERNED,17,373,15,3,1,15,14,9,0,0.06666666666666665,2.5714285714285716,170.0,0.0,170.0
496,20,400.0,15,8,3,0.15,400,GOVERNED,0.25,3,0.9,5,3,20,GOVERNED,15,350,32,3,6,27,26,15,0,0.03703703703703709,1.8846153846153846,150.0,0.0,150.0
490,20,400.0,15,8,3,0.15,400,CLOSED_LOOP,0.5,10,0.9,5,3,20,CLOSED_LOOP,0,9,373,17,295,95,94,0,0,0.010526315789473717,1.0,0.0,0.0,0.0
498,20,400.0,15,8,3,0.15,400,GOVERNED,0.25,10,0.9,5,3,20,GOVERNED,12,253,132,10,38,37,37,5,0,0.0,1.054054054054054,120.0,0.0,120.0
499,20,400.0,15,8,3,0.15,400,GOVERNED,0.25,25,0.9,5,3,20,GOVERNED,8,209,174,16,47,43,43,1,0,0.0,1.069767441860465,80.0,0.0,80.0
481,20,400.0,15,8,3,0.15,400,CLOSED_LOOP,0.1,5,0.9,5,3,20,CLOSED_LOOP,13,293,89,13,12,21,21,4,0,0.0,1.9047619047619047,130.0,0.0,130.0
505,21,400.0,15,8,3,0.15,400,CLOSED_LOOP,0.1,5,0.9,5,3,21,CLOSED_LOOP,8,358,34,6,4,9,9,2,0,0.0,2.888888888888889,80.0,0.0,80.0
489,20,400.0,15,8,3,0.15,400,CLOSED_LOOP,0.5,5,0.9,5,3,20,CLOSED_LOOP,0,9,373,17,295,95,94,0,0,0.010526315789473717,1.0,0.0,0.0,0.0
500,20,400.0,15,8,3,0.15,400,GOVERNED,0.5,3,0.9,5,3,20,GOVERNED,17,281,79,3,64,67,66,37,0,0.014925373134328401,1.7121212121212122,170.0,0.0,170.0
501,20,400.0,15,8,3,0.15,400,GOVERNED,0.5,5,0.9,5,3,20,GOVERNED,14,250,117,5,95,66,65,28,0,0.015151515151515138,1.3076923076923077,140.0,0.0,140.0
504,21,400.0,15,8,3,0.15,400,CLOSED_LOOP,0.1,3,0.9,5,3,21,CLOSED_LOOP,8,358,34,6,4,9,9,2,0,0.0,2.888888888888889,80.0,0.0,80.0
507,21,400.0,15,8,3,0.15,400,CLOSED_LOOP,0.1,25,0.9,5,3,21,CLOSED_LOOP,8,358,34,6,4,9,9,2,0,0.0,2.888888888888889,80.0,0.0,80.0
508,21,400.0,15,8,3,0.15,400,CLOSED_LOOP,0.25,3,0.9,5,3,21,CLOSED_LOOP,8,293,95,8,32,27,27,3,0,0.0,1.1111111111111112,80.0,0.0,80.0
506,21,400.0,15,8,3,0.15,400,CLOSED_LOOP,0.1,10,0.9,5,3,21,CLOSED_LOOP,8,358,34,6,4,9,9,2,0,0.0,2.888888888888889,80.0,0.0,80.0
511,21,400.0,15,8,3,0.15,400,CLOSED_LOOP,0.25,25,0.9,5,3,21,CLOSED_LOOP,8,293,95,8,32,27,27,3,0,0.0,1.1111111111111112,80.0,0.0,80.0
510,21,400.0,15,8,3,0.15,400,CLOSED_LOOP,0.25,10,0.9,5,3,21,CLOSED_LOOP,8,293,95,8,32,27,27,3,0,0.0,1.1111111111111112,80.0,0.0,80.0
494,20,400.0,15,8,3,0.15,400,GOVERNED,0.1,10,0.9,5,3,20,GOVERNED,15,320,65,10,8,20,20,5,0,0.0,1.75,150.0,0.0,150.0
497,20,400.0,15,8,3,0.15,400,GOVERNED,0.25,5,0.9,5,3,20,GOVERNED,16,330,51,5,11,32,32,14,0,0.0,2.40625,160.0,0.0,160.0
503,20,400.0,15,8,3,0.15,400,GOVERNED,0.5,25,0.9,5,3,20,GOVERNED,0,9,373,17,295,95,94,0,0,0.010526315789473717,1.0,0.0,0.0,0.0
516,21,400.0,15,8,3,0.15,400,GOVERNED,0.1,3,0.9,5,3,21,GOVERNED,8,376,17,3,3,8,8,4,0,0.0,3.75,80.0,0.0,80.0
491,20,400.0,15,8,3,0.15,400,CLOSED_LOOP,0.5,25,0.9,5,3,20,CLOSED_LOOP,0,9,373,17,295,95,94,0,0,0.010526315789473717,1.0,0.0,0.0,0.0
518,21,400.0,15,8,3,0.15,400,GOVERNED,0.1,10,0.9,5,3,21,GOVERNED,8,358,34,6,4,9,9,2,0,0.0,2.888888888888889,80.0,0.0,80.0
514,21,400.0,15,8,3,0.15,400,CLOSED_LOOP,0.5,10,0.9,5,3,21,CLOSED_LOOP,2,268,118,7,50,31,31,5,0,0.0,1.064516129032258,20.0,0.0,20.0
512,21,400.0,15,8,3,0.15,400,CLOSED_LOOP,0.5,3,0.9,5,3,21,CLOSED_LOOP,2,268,118,7,50,31,31,5,0,0.0,1.064516129032258,20.0,0.0,20.0
513,21,400.0,15,8,3,0.15,400,CLOSED_LOOP,0.5,5,0.9,5,3,21,CLOSED_LOOP,2,268,118,7,50,31,31,5,0,0.0,1.064516129032258,20.0,0.0,20.0
519,21,400.0,15,8,3,0.15,400,GOVERNED,0.1,25,0.9,5,3,21,GOVERNED,8,358,34,6,4,9,9,2,0,0.0,2.888888888888889,80.0,0.0,80.0
517,21,400.0,15,8,3,0.15,400,GOVERNED,0.1,5,0.9,5,3,21,GOVERNED,9,364,29,5,4,9,8,2,0,0.11111111111111116,3.125,90.0,0.0,90.0
521,21,400.0,15,8,3,0.15,400,GOVERNED,0.25,5,0.9,5,3,21,GOVERNED,8,331,60,5,16,19,19,4,0,0.0,1.1578947368421053,80.0,0.0,80.0
515,21,400.0,15,8,3,0.15,400,CLOSED_LOOP,0.5,25,0.9,5,3,21,CLOSED_LOOP,2,268,118,7,50,31,31,5,0,0.0,1.064516129032258,20.0,0.0,20.0
520,21,400.0,15,8,3,0.15,400,GOVERNED,0.25,3,0.9,5,3,21,GOVERNED,9,362,29,3,7,13,13,6,0,0.0,1.0,90.0,0.0,90.0
523,21,400.0,15,8,3,0.15,400,GOVERNED,0.25,25,0.9,5,3,21,GOVERNED,8,293,95,8,32,27,27,3,0,0.0,1.1111111111111112,80.0,0.0,80.0
502,20,400.0,15,8,3,0.15,400,GOVERNED,0.5,10,0.9,5,3,20,GOVERNED,11,176,184,10,142,81,80,30,0,0.012345679012345734,1.2875,110.0,0.0,110.0
527,21,400.0,15,8,3,0.15,400,GOVERNED,0.5,25,0.9,5,3,21,GOVERNED,2,268,118,7,50,31,31,5,0,0.0,1.064516129032258,20.0,0.0,20.0
524,21,400.0,15,8,3,0.15,400,GOVERNED,0.5,3,0.9,5,3,21,GOVERNED,9,281,82,3,33,54,54,33,0,0.0,1.2222222222222223,90.0,0.0,90.0
528,22,400.0,15,8,3,0.15,400,CLOSED_LOOP,0.1,3,0.9,5,3,22,CLOSED_LOOP,15,302,83,12,8,20,19,3,0,0.050000000000000044,2.9473684210526314,150.0,0.0,150.0
529,22,400.0,15,8,3,0.15,400,CLOSED_LOOP,0.1,5,0.9,5,3,22,CLOSED_LOOP,15,302,83,12,8,20,19,3,0,0.050000000000000044,2.9473684210526314,150.0,0.0,150.0
522,21,400.0,15,8,3,0.15,400,GOVERNED,0.25,10,0.9,5,3,21,GOVERNED,8,293,95,8,32,27,27,3,0,0.0,1.1111111111111112,80.0,0.0,80.0
526,21,400.0,15,8,3,0.15,400,GOVERNED,0.5,10,0.9,5,3,21,GOVERNED,2,268,118,7,50,31,31,5,0,0.0,1.064516129032258,20.0,0.0,20.0
532,22,400.0,15,8,3,0.15,400,CLOSED_LOOP,0.25,3,0.9,5,3,22,CLOSED_LOOP,8,225,158,10,48,46,46,3,0,0.0,1.3478260869565217,80.0,0.0,80.0
530,22,400.0,15,8,3,0.15,400,CLOSED_LOOP,0.1,10,0.9,5,3,22,CLOSED_LOOP,15,302,83,12,8,20,19,3,0,0.050000000000000044,2.9473684210526314,150.0,0.0,150.0
533,22,400.0,15,8,3,0.15,400,CLOSED_LOOP,0.25,5,0.9,5,3,22,CLOSED_LOOP,8,225,158,10,48,46,46,3,0,0.0,1.3478260869565217,80.0,0.0,80.0
509,21,400.0,15,8,3,0.15,400,CLOSED_LOOP,0.25,5,0.9,5,3,21,CLOSED_LOOP,8,293,95,8,32,27,27,3,0,0.0,1.1111111111111112,80.0,0.0,80.0
525,21,400.0,15,8,3,0.15,400,GOVERNED,0.5,5,0.9,5,3,21,GOVERNED,12,272,101,5,45,50,48,21,0,0.040000000000000036,1.3958333333333333,120.0,0.0,120.0
534,22,400.0,15,8,3,0.15,400,CLOSED_LOOP,0.25,10,0.9,5,3,22,CLOSED_LOOP,8,225,158,10,48,46,46,3,0,0.0,1.3478260869565217,80.0,0.0,80.0
536,22,400.0,15,8,3,0.15,400,CLOSED_LOOP,0.5,3,0.9,5,3,22,CLOSED_LOOP,1,318,65,5,32,24,22,7,0,0.08333333333333337,1.5454545454545454,10.0,0.0,10.0
539,22,400.0,15,8,3,0.15,400,CLOSED_LOOP,0.5,25,0.9,5,3,22,CLOSED_LOOP,1,318,65,5,32,24,22,7,0,0.08333333333333337,1.5454545454545454,10.0,0.0,10.0
535,22,400.0,15,8,3,0.15,400,CLOSED_LOOP,0.25,25,0.9,5,3,22,CLOSED_LOOP,8,225,158,10,48,46,46,3,0,0.0,1.3478260869565217,80.0,0.0,80.0
537,22,400.0,15,8,3,0.15,400,CLOSED_LOOP,0.5,5,0.9,5,3,22,CLOSED_LOOP,1,318,65,5,32,24,22,7,0,0.08333333333333337,1.5454545454545454,10.0,0.0,10.0
541,22,400.0,15,8,3,0.15,400,GOVERNED,0.1,5,0.9,5,3,22,GOVERNED,21,355,25,5,0,21,20,15,0,0.04761904761904767,3.5,210.0,0.0,210.0
542,22,400.0,15,8,3,0.15,400,GOVERNED,0.1,10,0.9,5,3,22,GOVERNED,18,307,73,10,8,25,25,10,0,0.0,3.32,180.0,0.0,180.0
543,22,400.0,15,8,3,0.15,400,GOVERNED,0.1,25,0.9,5,3,22,GOVERNED,15,302,83,12,8,20,19,3,0,0.050000000000000044,2.9473684210526314,150.0,0.0,150.0
531,22,400.0,15,8,3,0.15,400,CLOSED_LOOP,0.1,25,0.9,5,3,22,CLOSED_LOOP,15,302,83,12,8,20,19,3,0,0.050000000000000044,2.9473684210526314,150.0,0.0,150.0
545,22,400.0,15,8,3,0.15,400,GOVERNED,0.25,5,0.9,5,3,22,GOVERNED,16,296,83,5,28,44,43,15,0,0.022727272727272707,1.744186046511628,160.0,0.0,160.0
544,22,400.0,15,8,3,0.15,400,GOVERNED,0.25,3,0.9,5,3,22,GOVERNED,21,321,50,3,15,45,44,25,0,0.022222222222222254,2.477272727272727,210.0,0.0,210.0
540,22,400.0,15,8,3,0.15,400,GOVERNED,0.1,3,0.9,5,3,22,GOVERNED,20,368,15,3,0,18,18,14,0,0.0,4.833333333333333,200.0,0.0,200.0
548,22,400.0,15,8,3,0.15,400,GOVERNED,0.5,3,0.9,5,3,22,GOVERNED,7,356,28,3,12,22,22,13,0,0.0,1.0909090909090908,70.0,0.0,70.0
547,22,400.0,15,8,3,0.15,400,GOVERNED,0.25,25,0.9,5,3,22,GOVERNED,8,225,158,10,48,46,46,3,0,0.0,1.3478260869565217,80.0,0.0,80.0
552,23,400.0,15,8,3,0.15,400,CLOSED_LOOP,0.1,3,0.9,5,3,23,CLOSED_LOOP,4,400,0,0,0,0,0,0,0,0.0,0.0,40.0,0.0,40.0
554,23,400.0,15,8,3,0.15,400,CLOSED_LOOP,0.1,10,0.9,5,3,23,CLOSED_LOOP,4,400,0,0,0,0,0,0,0,0.0,0.0,40.0,0.0,40.0
550,22,400.0,15,8,3,0.15,400,GOVERNED,0.5,10,0.9,5,3,22,GOVERNED,1,318,65,5,32,24,22,7,0,0.08333333333333337,1.5454545454545454,10.0,0.0,10.0
551,22,400.0,15,8,3,0.15,400,GOVERNED,0.5,25,0.9,5,3,22,GOVERNED,1,318,65,5,32,24,22,7,0,0.08333333333333337,1.5454545454545454,10.0,0.0,10.0
546,22,400.0,15,8,3,0.15,400,GOVERNED,0.25,10,0.9,5,3,22,GOVERNED,8,227,155,10,45,46,46,5,0,0.0,1.3478260869565217,80.0,0.0,80.0
549,22,400.0,15,8,3,0.15,400,GOVERNED,0.5,5,0.9,5,3,22,GOVERNED,1,318,65,5,32,24,22,7,0,0.08333333333333337,1.5454545454545454,10.0,0.0,10.0
538,22,400.0,15,8,3,0.15,400,CLOSED_LOOP,0.5,10,0.9,5,3,22,CLOSED_LOOP,1,318,65,5,32,24,22,7,0,0.08333333333333337,1.5454545454545454,10.0,0.0,10.0
555,23,400.0,15,8,3,0.15,400,CLOSED_LOOP,0.1,25,0.9,5,3,23,CLOSED_LOOP,4,400,0,0,0,0,0,0,0,0.0,0.0,40.0,0.0,40.0
556,23,400.0,15,8,3,0.15,400,CLOSED_LOOP,0.25,3,0.9,5,3,23,CLOSED_LOOP,5,316,75,6,27,24,23,2,0,0.04166666666666663,1.3043478260869565,50.0,0.0,50.0
553,23,400.0,15,8,3,0.15,400,CLOSED_LOOP,0.1,5,0.9,5,3,23,CLOSED_LOOP,4,400,0,0,0,0,0,0,0,0.0,0.0,40.0,0.0,40.0
558,23,400.0,15,8,3,0.15,400,CLOSED_LOOP,0.25,10,0.9,5,3,23,CLOSED_LOOP,5,316,75,6,27,24,23,2,0,0.04166666666666663,1.3043478260869565,50.0,0.0,50.0
559,23,400.0,15,8,3,0.15,400,CLOSED_LOOP,0.25,25,0.9,5,3,23,CLOSED_LOOP,5,316,75,6,27,24,23,2,0,0.04166666666666663,1.3043478260869565,50.0,0.0,50.0
560,23,400.0,15,8,3,0.15,400,CLOSED_LOOP,0.5,3,0.9,5,3,23,CLOSED_LOOP,2,281,109,7,50,30,30,2,0,0.0,1.3666666666666667,20.0,0.0,20.0
565,23,400.0,15,8,3,0.15,400,GOVERNED,0.1,5,0.9,5,3,23,GOVERNED,4,400,0,0,0,0,0,0,0,0.0,0.0,40.0,0.0,40.0
557,23,400.0,15,8,3,0.15,400,CLOSED_LOOP,0.25,5,0.9,5,3,23,CLOSED_LOOP,5,316,75,6,27,24,23,2,0,0.04166666666666663,1.3043478260869565,50.0,0.0,50.0
563,23,400.0,15,8,3,0.15,400,CLOSED_LOOP,0.5,25,0.9,5,3,23,CLOSED_LOOP,2,281,109,7,50,30,30,2,0,0.0,1.3666666666666667,20.0,0.0,20.0
564,23,400.0,15,8,3,0.15,400,GOVERNED,0.1,3,0.9,5,3,23,GOVERNED,4,400,0,0,0,0,0,0,0,0.0,0.0,40.0,0.0,40.0
568,23,400.0,15,8,3,0.15,400,GOVERNED,0.25,3,0.9,5,3,23,GOVERNED,7,373,20,3,4,12,11,4,0,0.08333333333333337,1.0,70.0,0.0,70.0
567,23,400.0,15,8,3,0.15,400,GOVERNED,0.1,25,0.9,5,3,23,GOVERNED,4,400,0,0,0,0,0,0,0,0.0,0.0,40.0,0.0,40.0
569,23,400.0,15,8,3,0.15,400,GOVERNED,0.25,5,0.9,5,3,23,GOVERNED,6,331,57,5,16,21,20,6,0,0.04761904761904767,1.2,60.0,0.0,60.0
570,23,400.0,15,8,3,0.15,400,GOVERNED,0.25,10,0.9,5,3,23,GOVERNED,5,316,75,6,27,24,23,2,0,0.04166666666666663,1.3043478260869565,50.0,0.0,50.0
562,23,400.0,15,8,3,0.15,400,CLOSED_LOOP,0.5,10,0.9,5,3,23,CLOSED_LOOP,2,281,109,7,50,30,30,2,0,0.0,1.3666666666666667,20.0,0.0,20.0
561,23,400.0,15,8,3,0.15,400,CLOSED_LOOP,0.5,5,0.9,5,3,23,CLOSED_LOOP,2,281,109,7,50,30,30,2,0,0.0,1.3666666666666667,20.0,0.0,20.0
566,23,400.0,15,8,3,0.15,400,GOVERNED,0.1,10,0.9,5,3,23,GOVERNED,4,400,0,0,0,0,0,0,0,0.0,0.0,40.0,0.0,40.0
577,24,400.0,15,8,3,0.15,400,CLOSED_LOOP,0.1,5,0.9,5,3,24,CLOSED_LOOP,9,366,28,4,2,9,8,2,0,0.11111111111111116,2.25,90.0,0.0,90.0
576,24,400.0,15,8,3,0.15,400,CLOSED_LOOP,0.1,3,0.9,5,3,24,CLOSED_LOOP,9,366,28,4,2,9,8,2,0,0.11111111111111116,2.25,90.0,0.0,90.0
578,24,400.0,15,8,3,0.15,400,CLOSED_LOOP,0.1,10,0.9,5,3,24,CLOSED_LOOP,9,366,28,4,2,9,8,2,0,0.11111111111111116,2.25,90.0,0.0,90.0
579,24,400.0,15,8,3,0.15,400,CLOSED_LOOP,0.1,25,0.9,5,3,24,CLOSED_LOOP,9,366,28,4,2,9,8,2,0,0.11111111111111116,2.25,90.0,0.0,90.0
575,23,400.0,15,8,3,0.15,400,GOVERNED,0.5,25,0.9,5,3,23,GOVERNED,2,281,109,7,50,30,30,2,0,0.0,1.3666666666666667,20.0,0.0,20.0
573,23,400.0,15,8,3,0.15,400,GOVERNED,0.5,5,0.9,5,3,23,GOVERNED,4,285,96,5,44,41,41,14,0,0.0,1.5853658536585367,40.0,0.0,40.0
582,24,400.0,15,8,3,0.15,400,CLOSED_LOOP,0.25,10,0.9,5,3,24,CLOSED_LOOP,5,315,73,7,22,23,23,5,0,0.0,1.4782608695652173,50.0,0.0,50.0
580,24,400.0,15,8,3,0.15,400,CLOSED_LOOP,0.25,3,0.9,5,3,24,CLOSED_LOOP,5,315,73,7,22,23,23,5,0,0.0,1.4782608695652173,50.0,0.0,50.0
571,23,400.0,15,8,3,0.15,400,GOVERNED,0.25,25,0.9,5,3,23,GOVERNED,5,316,75,6,27,24,23,2,0,0.04166666666666663,1.3043478260869565,50.0,0.0,50.0
583,24,400.0,15,8,3,0.15,400,CLOSED_LOOP,0.25,25,0.9,5,3,24,CLOSED_LOOP,5,315,73,7,22,23,23,5,0,0.0,1.4782608695652173,50.0,0.0,50.0
588,24,400.0,15,8,3,0.15,400,GOVERNED,0.1,3,0.9,5,3,24,GOVERNED,9,378,15,3,0,8,7,4,0,0.125,2.4285714285714284,90.0,0.0,90.0
572,23,400.0,15,8,3,0.15,400,GOVERNED,0.5,3,0.9,5,3,23,GOVERNED,7,307,70,3,29,38,38,20,0,0.0,1.6842105263157894,70.0,0.0,70.0
589,24,400.0,15,8,3,0.15,400,GOVERNED,0.1,5,0.9,5,3,24,GOVERNED,9,366,28,4,2,9,8,2,0,0.11111111111111116,2.25,90.0,0.0,90.0
584,24,400.0,15,8,3,0.15,400,CLOSED_LOOP,0.5,3,0.9,5,3,24,CLOSED_LOOP,1,143,226,13,143,64,64,9,0,0.0,1.078125,10.0,0.0,10.0
585,24,400.0,15,8,3,0.15,400,CLOSED_LOOP,0.5,5,0.9,5,3,24,CLOSED_LOOP,1,143,226,13,143,64,64,9,0,0.0,1.078125,10.0,0.0,10.0
591,24,400.0,15,8,3,0.15,400,GOVERNED,0.1,25,0.9,5,3,24,GOVERNED,9,366,28,4,2,9,8,2,0,0.11111111111111116,2.25,90.0,0.0,90.0
581,24,400.0,15,8,3,0.15,400,CLOSED_LOOP,0.25,5,0.9,5,3,24,CLOSED_LOOP,5,315,73,7,22,23,23,5,0,0.0,1.4782608695652173,50.0,0.0,50.0
574,23,400.0,15,8,3,0.15,400,GOVERNED,0.5,10,0.9,5,3,23,GOVERNED,2,281,109,7,50,30,30,2,0,0.0,1.3666666666666667,20.0,0.0,20.0
590,24,400.0,15,8,3,0.15,400,GOVERNED,0.1,10,0.9,5,3,24,GOVERNED,9,366,28,4,2,9,8,2,0,0.11111111111111116,2.25,90.0,0.0,90.0
592,24,400.0,15,8,3,0.15,400,GOVERNED,0.25,3,0.9,5,3,24,GOVERNED,11,372,19,3,1,13,13,6,0,0.0,1.5384615384615385,110.0,0.0,110.0
587,24,400.0,15,8,3,0.15,400,CLOSED_LOOP,0.5,25,0.9,5,3,24,CLOSED_LOOP,1,143,226,13,143,64,64,9,0,0.0,1.078125,10.0,0.0,10.0
594,24,400.0,15,8,3,0.15,400,GOVERNED,0.25,10,0.9,5,3,24,GOVERNED,5,315,73,7,22,23,23,5,0,0.0,1.4782608695652173,50.0,0.0,50.0
593,24,400.0,15,8,3,0.15,400,GOVERNED,0.25,5,0.9,5,3,24,GOVERNED,8,353,34,5,3,17,17,8,0,0.0,1.9411764705882353,80.0,0.0,80.0
601,25,400.0,15,8,3,0.15,400,CLOSED_LOOP,0.1,5,0.9,5,3,25,CLOSED_LOOP,11,338,49,9,7,15,14,4,0,0.06666666666666665,2.642857142857143,110.0,0.0,110.0
597,24,400.0,15,8,3,0.15,400,GOVERNED,0.5,5,0.9,5,3,24,GOVERNED,5,253,128,5,87,50,50,14,0,0.0,1.12,50.0,0.0,50.0
603,25,400.0,15,8,3,0.15,400,CLOSED_LOOP,0.1,25,0.9,5,3,25,CLOSED_LOOP,11,338,49,9,7,15,14,4,0,0.06666666666666665,2.642857142857143,110.0,0.0,110.0
596,24,400.0,15,8,3,0.15,400,GOVERNED,0.5,3,0.9,5,3,24,GOVERNED,8,292,83,3,69,48,47,22,0,0.02083333333333337,1.5106382978723405,80.0,0.0,80.0
586,24,400.0,15,8,3,0.15,400,CLOSED_LOOP,0.5,10,0.9,5,3,24,CLOSED_LOOP,1,143,226,13,143,64,64,9,0,0.0,1.078125,10.0,0.0,10.0
599,24,400.0,15,8,3,0.15,400,GOVERNED,0.5,25,0.9,5,3,24,GOVERNED,1,143,226,13,143,64,64,9,0,0.0,1.078125,10.0,0.0,10.0
602,25,400.0,15,8,3,0.15,400,CLOSED_LOOP,0.1,10,0.9,5,3,25,CLOSED_LOOP,11,338,49,9,7,15,14,4,0,0.06666666666666665,2.642857142857143,110.0,0.0,110.0
604,25,400.0,15,8,3,0.15,400,CLOSED_LOOP,0.25,3,0.9,5,3,25,CLOSED_LOOP,4,237,142,17,39,37,34,2,0,0.08108108108108103,1.4411764705882353,40.0,0.0,40.0
598,24,400.0,15,8,3,0.15,400,GOVERNED,0.5,10,0.9,5,3,24,GOVERNED,10,210,164,10,104,62,61,16,0,0.016129032258064502,1.3770491803278688,100.0,0.0,100.0
600,25,400.0,15,8,3,0.15,400,CLOSED_LOOP,0.1,3,0.9,5,3,25,CLOSED_LOOP,11,338,49,9,7,15,14,4,0,0.06666666666666665,2.642857142857143,110.0,0.0,110.0
595,24,400.0,15,8,3,0.15,400,GOVERNED,0.25,25,0.9,5,3,24,GOVERNED,5,315,73,7,22,23,23,5,0,0.0,1.4782608695652173,50.0,0.0,50.0
606,25,400.0,15,8,3,0.15,400,CLOSED_LOOP,0.25,10,0.9,5,3,25,CLOSED_LOOP,4,237,142,17,39,37,34,2,0,0.08108108108108103,1.4411764705882353,40.0,0.0,40.0
607,25,400.0,15,8,3,0.15,400,CLOSED_LOOP,0.25,25,0.9,5,3,25,CLOSED_LOOP,4,237,142,17,39,37,34,2,0,0.08108108108108103,1.4411764705882353,40.0,0.0,40.0
608,25,400.0,15,8,3,0.15,400,CLOSED_LOOP,0.5,3,0.9,5,3,25,CLOSED_LOOP,3,99,280,10,184,74,73,5,0,0.013513513513513487,1.0273972602739727,30.0,0.0,30.0
605,25,400.0,15,8,3,0.15,400,CLOSED_LOOP,0.25,5,0.9,5,3,25,CLOSED_LOOP,4,237,142,17,39,37,34,2,0,0.08108108108108103,1.4411764705882353,40.0,0.0,40.0
613,25,400.0,15,8,3,0.15,400,GOVERNED,0.1,5,0.9,5,3,25,GOVERNED,14,363,28,5,4,13,12,4,0,0.07692307692307687,2.25,140.0,0.0,140.0
611,25,400.0,15,8,3,0.15,400,CLOSED_LOOP,0.5,25,0.9,5,3,25,CLOSED_LOOP,3,99,280,10,184,74,73,5,0,0.013513513513513487,1.0273972602739727,30.0,0.0,30.0
610,25,400.0,15,8,3,0.15,400,CLOSED_LOOP,0.5,10,0.9,5,3,25,CLOSED_LOOP,3,99,280,10,184,74,73,5,0,0.013513513513513487,1.0273972602739727,30.0,0.0,30.0
609,25,400.0,15,8,3,0.15,400,CLOSED_LOOP,0.5,5,0.9,5,3,25,CLOSED_LOOP,3,99,280,10,184,74,73,5,0,0.013513513513513487,1.0273972602739727,30.0,0.0,30.0
617,25,400.0,15,8,3,0.15,400,GOVERNED,0.25,5,0.9,5,3,25,GOVERNED,13,333,49,5,11,27,26,11,0,0.03703703703703709,1.8461538461538463,130.0,0.0,130.0
618,25,400.0,15,8,3,0.15,400,GOVERNED,0.25,10,0.9,5,3,25,GOVERNED,6,290,92,10,27,33,30,6,0,0.09090909090909094,1.9666666666666666,60.0,0.0,60.0
612,25,400.0,15,8,3,0.15,400,GOVERNED,0.1,3,0.9,5,3,25,GOVERNED,17,365,18,3,4,24,23,14,0,0.04166666666666663,3.0,170.0,0.0,170.0
614,25,400.0,15,8,3,0.15,400,GOVERNED,0.1,10,0.9,5,3,25,GOVERNED,11,338,49,9,7,15,14,4,0,0.06666666666666665,2.642857142857143,110.0,0.0,110.0
620,25,400.0,15,8,3,0.15,400,GOVERNED,0.5,3,0.9,5,3,25,GOVERNED,15,323,45,3,23,47,45,28,0,0.04255319148936165,1.8,150.0,0.0,150.0
624,26,400.0,15,8,3,0.15,400,CLOSED_LOOP,0.1,3,0.9,5,3,26,CLOSED_LOOP,9,349,41,7,2,11,10,2,0,0.09090909090909094,4.2,90.0,0.0,90.0
615,25,400.0,15,8,3,0.15,400,GOVERNED,0.1,25,0.9,5,3,25,GOVERNED,11,338,49,9,7,15,14,4,0,0.06666666666666665,2.642857142857143,110.0,0.0,110.0
621,25,400.0,15,8,3,0.15,400,GOVERNED,0.5,5,0.9,5,3,25,GOVERNED,15,311,58,5,27,50,47,25,0,0.06000000000000005,1.4893617021276595,150.0,0.0,150.0
616,25,400.0,15,8,3,0.15,400,GOVERNED,0.25,3,0.9,5,3,25,GOVERNED,6,352,36,3,10,18,18,7,0,0.0,2.1666666666666665,60.0,0.0,60.0
619,25,400.0,15,8,3,0.15,400,GOVERNED,0.25,25,0.9,5,3,25,GOVERNED,4,237,142,17,39,37,34,2,0,0.08108108108108103,1.4411764705882353,40.0,0.0,40.0
625,26,400.0,15,8,3,0.15,400,CLOSED_LOOP,0.1,5,0.9,5,3,26,CLOSED_LOOP,9,349,41,7,2,11,10,2,0,0.09090909090909094,4.2,90.0,0.0,90.0
629,26,400.0,15,8,3,0.15,400,CLOSED_LOOP,0.25,5,0.9,5,3,26,CLOSED_LOOP,1,388,9,1,2,5,4,2,0,0.19999999999999996,2.5,10.0,0.0,10.0
623,25,400.0,15,8,3,0.15,400,GOVERNED,0.5,25,0.9,5,3,25,GOVERNED,3,99,280,10,184,74,73,5,0,0.013513513513513487,1.0273972602739727,30.0,0.0,30.0
622,25,400.0,15,8,3,0.15,400,GOVERNED,0.5,10,0.9,5,3,25,GOVERNED,3,106,272,10,173,73,73,7,0,0.0,1.0273972602739727,30.0,0.0,30.0
630,26,400.0,15,8,3,0.15,400,CLOSED_LOOP,0.25,10,0.9,5,3,26,CLOSED_LOOP,1,388,9,1,2,5,4,2,0,0.19999999999999996,2.5,10.0,0.0,10.0
631,26,400.0,15,8,3,0.15,400,CLOSED_LOOP,0.25,25,0.9,5,3,26,CLOSED_LOOP,1,388,9,1,2,5,4,2,0,0.19999999999999996,2.5,10.0,0.0,10.0
628,26,400.0,15,8,3,0.15,400,CLOSED_LOOP,0.25,3,0.9,5,3,26,CLOSED_LOOP,1,388,9,1,2,5,4,2,0,0.19999999999999996,2.5,10.0,0.0,10.0
633,26,400.0,15,8,3,0.15,400,CLOSED_LOOP,0.5,5,0.9,5,3,26,CLOSED_LOOP,2,321,69,1,35,24,23,5,0,0.04166666666666663,1.173913043478261,20.0,0.0,20.0
627,26,400.0,15,8,3,0.15,400,CLOSED_LOOP,0.1,25,0.9,5,3,26,CLOSED_LOOP,9,349,41,7,2,11,10,2,0,0.09090909090909094,4.2,90.0,0.0,90.0
635,26,400.0,15,8,3,0.15,400,CLOSED_LOOP,0.5,25,0.9,5,3,26,CLOSED_LOOP,2,321,69,1,35,24,23,5,0,0.04166666666666663,1.173913043478261,20.0,0.0,20.0
626,26,400.0,15,8,3,0.15,400,CLOSED_LOOP,0.1,10,0.9,5,3,26,CLOSED_LOOP,9,349,41,7,2,11,10,2,0,0.09090909090909094,4.2,90.0,0.0,90.0
636,26,400.0,15,8,3,0.15,400,GOVERNED,0.1,3,0.9,5,3,26,GOVERNED,12,369,19,3,1,15,13,9,0,0.1333333333333333,4.0,120.0,0.0,120.0
639,26,400.0,15,8,3,0.15,400,GOVERNED,0.1,25,0.9,5,3,26,GOVERNED,9,349,41,7,2,11,10,2,0,0.09090909090909094,4.2,90.0,0.0,90.0
640,26,400.0,15,8,3,0.15,400,GOVERNED,0.25,3,0.9,5,3,26,GOVERNED,1,388,9,1,2,5,4,2,0,0.19999999999999996,2.5,10.0,0.0,10.0
632,26,400.0,15,8,3,0.15,400,CLOSED_LOOP,0.5,3,0.9,5,3,26,CLOSED_LOOP,2,321,69,1,35,24,23,5,0,0.04166666666666663,1.173913043478261,20.0,0.0,20.0
642,26,400.0,15,8,3,0.15,400,GOVERNED,0.25,10,0.9,5,3,26,GOVERNED,1,388,9,1,2,5,4,2,0,0.19999999999999996,2.5,10.0,0.0,10.0
638,26,400.0,15,8,3,0.15,400,GOVERNED,0.1,10,0.9,5,3,26,GOVERNED,9,349,41,7,2,11,10,2,0,0.09090909090909094,4.2,90.0,0.0,90.0
637,26,400.0,15,8,3,0.15,400,GOVERNED,0.1,5,0.9,5,3,26,GOVERNED,11,362,29,5,1,10,9,4,0,0.09999999999999998,5.555555555555555,110.0,0.0,110.0
641,26,400.0,15,8,3,0.15,400,GOVERNED,0.25,5,0.9,5,3,26,GOVERNED,1,388,9,1,2,5,4,2,0,0.19999999999999996,2.5,10.0,0.0,10.0
643,26,400.0,15,8,3,0.15,400,GOVERNED,0.25,25,0.9,5,3,26,GOVERNED,1,388,9,1,2,5,4,2,0,0.19999999999999996,2.5,10.0,0.0,10.0
645,26,400.0,15,8,3,0.15,400,GOVERNED,0.5,5,0.9,5,3,26,GOVERNED,2,321,69,1,35,24,23,5,0,0.04166666666666663,1.173913043478261,20.0,0.0,20.0
646,26,400.0,15,8,3,0.15,400,GOVERNED,0.5,10,0.9,5,3,26,GOVERNED,2,321,69,1,35,24,23,5,0,0.04166666666666663,1.173913043478261,20.0,0.0,20.0
649,27,400.0,15,8,3,0.15,400,CLOSED_LOOP,0.1,5,0.9,5,3,27,CLOSED_LOOP,9,351,40,8,3,8,8,1,0,0.0,2.25,90.0,0.0,90.0
647,26,400.0,15,8,3,0.15,400,GOVERNED,0.5,25,0.9,5,3,26,GOVERNED,2,321,69,1,35,24,23,5,0,0.04166666666666663,1.173913043478261,20.0,0.0,20.0
650,27,400.0,15,8,3,0.15,400,CLOSED_LOOP,0.1,10,0.9,5,3,27,CLOSED_LOOP,9,351,40,8,3,8,8,1,0,0.0,2.25,90.0,0.0,90.0
644,26,400.0,15,8,3,0.15,400,GOVERNED,0.5,3,0.9,5,3,26,GOVERNED,2,321,69,1,35,24,23,5,0,0.04166666666666663,1.173913043478261,20.0,0.0,20.0
652,27,400.0,15,8,3,0.15,400,CLOSED_LOOP,0.25,3,0.9,5,3,27,CLOSED_LOOP,6,215,169,13,67,44,44,2,0,0.0,1.3409090909090908,60.0,0.0,60.0
648,27,400.0,15,8,3,0.15,400,CLOSED_LOOP,0.1,3,0.9,5,3,27,CLOSED_LOOP,9,351,40,8,3,8,8,1,0,0.0,2.25,90.0,0.0,90.0
654,27,400.0,15,8,3,0.15,400,CLOSED_LOOP,0.25,10,0.9,5,3,27,CLOSED_LOOP,6,215,169,13,67,44,44,2,0,0.0,1.3409090909090908,60.0,0.0,60.0
655,27,400.0,15,8,3,0.15,400,CLOSED_LOOP,0.25,25,0.9,5,3,27,CLOSED_LOOP,6,215,169,13,67,44,44,2,0,0.0,1.3409090909090908,60.0,0.0,60.0
653,27,400.0,15,8,3,0.15,400,CLOSED_LOOP,0.25,5,0.9,5,3,27,CLOSED_LOOP,6,215,169,13,67,44,44,2,0,0.0,1.3409090909090908,60.0,0.0,60.0
651,27,400.0,15,8,3,0.15,400,CLOSED_LOOP,0.1,25,0.9,5,3,27,CLOSED_LOOP,9,351,40,8,3,8,8,1,0,0.0,2.25,90.0,0.0,90.0
661,27,400.0,15,8,3,0.15,400,GOVERNED,0.1,5,0.9,5,3,27,GOVERNED,10,366,25,5,3,9,9,4,0,0.0,2.111111111111111,100.0,0.0,100.0
663,27,400.0,15,8,3,0.15,400,GOVERNED,0.1,25,0.9,5,3,27,GOVERNED,9,351,40,8,3,8,8,1,0,0.0,2.25,90.0,0.0,90.0
634,26,400.0,15,8,3,0.15,400,CLOSED_LOOP,0.5,10,0.9,5,3,26,CLOSED_LOOP,2,321,69,1,35,24,23,5,0,0.04166666666666663,1.173913043478261,20.0,0.0,20.0
664,27,400.0,15,8,3,0.15,400,GOVERNED,0.25,3,0.9,5,3,27,GOVERNED,7,359,28,3,10,19,17,9,0,0.10526315789473684,1.4705882352941178,70.0,0.0,70.0
665,27,400.0,15,8,3,0.15,400,GOVERNED,0.25,5,0.9,5,3,27,GOVERNED,11,347,42,5,16,16,16,5,0,0.0,1.0,110.0,0.0,110.0
660,27,400.0,15,8,3,0.15,400,GOVERNED,0.1,3,0.9,5,3,27,GOVERNED,7,379,15,3,1,6,6,3,0,0.0,2.8333333333333335,70.0,0.0,70.0
656,27,400.0,15,8,3,0.15,400,CLOSED_LOOP,0.5,3,0.9,5,3,27,CLOSED_LOOP,1,41,332,24,205,85,84,2,0,0.0117647058823529,1.0,10.0,0.0,10.0
662,27,400.0,15,8,3,0.15,400,GOVERNED,0.1,10,0.9,5,3,27,GOVERNED,9,351,40,8,3,8,8,1,0,0.0,2.25,90.0,0.0,90.0
667,27,400.0,15,8,3,0.15,400,GOVERNED,0.25,25,0.9,5,3,27,GOVERNED,6,215,169,13,67,44,44,2,0,0.0,1.3409090909090908,60.0,0.0,60.0
672,28,400.0,15,8,3,0.15,400,CLOSED_LOOP,0.1,3,0.9,5,3,28,CLOSED_LOOP,0,400,0,0,0,0,0,0,0,0.0,0.0,0.0,0.0,0.0
673,28,400.0,15,8,3,0.15,400,CLOSED_LOOP,0.1,5,0.9,5,3,28,CLOSED_LOOP,0,400,0,0,0,0,0,0,0,0.0,0.0,0.0,0.0,0.0
657,27,400.0,15,8,3,0.15,400,CLOSED_LOOP,0.5,5,0.9,5,3,27,CLOSED_LOOP,1,41,332,24,205,85,84,2,0,0.0117647058823529,1.0,10.0,0.0,10.0
658,27,400.0,15,8,3,0.15,400,CLOSED_LOOP,0.5,10,0.9,5,3,27,CLOSED_LOOP,1,41,332,24,205,85,84,2,0,0.0117647058823529,1.0,10.0,0.0,10.0
659,27,400.0,15,8,3,0.15,400,CLOSED_LOOP,0.5,25,0.9,5,3,27,CLOSED_LOOP,1,41,332,24,205,85,84,2,0,0.0117647058823529,1.0,10.0,0.0,10.0
666,27,400.0,15,8,3,0.15,400,GOVERNED,0.25,10,0.9,5,3,27,GOVERNED,12,262,118,10,50,38,38,9,0,0.0,1.763157894736842,120.0,0.0,120.0
675,28,400.0,15,8,3,0.15,400,CLOSED_LOOP,0.1,25,0.9,5,3,28,CLOSED_LOOP,0,400,0,0,0,0,0,0,0,0.0,0.0,0.0,0.0,0.0
676,28,400.0,15,8,3,0.15,400,CLOSED_LOOP,0.25,3,0.9,5,3,28,CLOSED_LOOP,0,400,0,0,0,0,0,0,0,0.0,0.0,0.0,0.0,0.0
677,28,400.0,15,8,3,0.15,400,CLOSED_LOOP,0.25,5,0.9,5,3,28,CLOSED_LOOP,0,400,0,0,0,0,0,0,0,0.0,0.0,0.0,0.0,0.0
678,28,400.0,15,8,3,0.15,400,CLOSED_LOOP,0.25,10,0.9,5,3,28,CLOSED_LOOP,0,400,0,0,0,0,0,0,0,0.0,0.0,0.0,0.0,0.0
679,28,400.0,15,8,3,0.15,400,CLOSED_LOOP,0.25,25,0.9,5,3,28,CLOSED_LOOP,0,400,0,0,0,0,0,0,0,0.0,0.0,0.0,0.0,0.0
680,28,400.0,15,8,3,0.15,400,CLOSED_LOOP,0.5,3,0.9,5,3,28,CLOSED_LOOP,0,400,0,0,0,0,0,0,0,0.0,0.0,0.0,0.0,0.0
674,28,400.0,15,8,3,0.15,400,CLOSED_LOOP,0.1,10,0.9,5,3,28,CLOSED_LOOP,0,400,0,0,0,0,0,0,0,0.0,0.0,0.0,0.0,0.0
681,28,400.0,15,8,3,0.15,400,CLOSED_LOOP,0.5,5,0.9,5,3,28,CLOSED_LOOP,0,400,0,0,0,0,0,0,0,0.0,0.0,0.0,0.0,0.0
668,27,400.0,15,8,3,0.15,400,GOVERNED,0.5,3,0.9,5,3,27,GOVERNED,9,333,41,3,11,43,41,23,0,0.046511627906976716,1.6829268292682926,90.0,0.0,90.0
684,28,400.0,15,8,3,0.15,400,GOVERNED,0.1,3,0.9,5,3,28,GOVERNED,0,400,0,0,0,0,0,0,0,0.0,0.0,0.0,0.0,0.0
683,28,400.0,15,8,3,0.15,400,CLOSED_LOOP,0.5,25,0.9,5,3,28,CLOSED_LOOP,0,400,0,0,0,0,0,0,0,0.0,0.0,0.0,0.0,0.0
685,28,400.0,15,8,3,0.15,400,GOVERNED,0.1,5,0.9,5,3,28,GOVERNED,0,400,0,0,0,0,0,0,0,0.0,0.0,0.0,0.0,0.0
687,28,400.0,15,8,3,0.15,400,GOVERNED,0.1,25,0.9,5,3,28,GOVERNED,0,400,0,0,0,0,0,0,0,0.0,0.0,0.0,0.0,0.0
688,28,400.0,15,8,3,0.15,400,GOVERNED,0.25,3,0.9,5,3,28,GOVERNED,0,400,0,0,0,0,0,0,0,0.0,0.0,0.0,0.0,0.0
689,28,400.0,15,8,3,0.15,400,GOVERNED,0.25,5,0.9,5,3,28,GOVERNED,0,400,0,0,0,0,0,0,0,0.0,0.0,0.0,0.0,0.0
690,28,400.0,15,8,3,0.15,400,GOVERNED,0.25,10,0.9,5,3,28,GOVERNED,0,400,0,0,0,0,0,0,0,0.0,0.0,0.0,0.0,0.0
691,28,400.0,15,8,3,0.15,400,GOVERNED,0.25,25,0.9,5,3,28,GOVERNED,0,400,0,0,0,0,0,0,0,0.0,0.0,0.0,0.0,0.0
692,28,400.0,15,8,3,0.15,400,GOVERNED,0.5,3,0.9,5,3,28,GOVERNED,0,400,0,0,0,0,0,0,0,0.0,0.0,0.0,0.0,0.0
682,28,400.0,15,8,3,0.15,400,CLOSED_LOOP,0.5,10,0.9,5,3,28,CLOSED_LOOP,0,400,0,0,0,0,0,0,0,0.0,0.0,0.0,0.0,0.0
694,28,400.0,15,8,3,0.15,400,GOVERNED,0.5,10,0.9,5,3,28,GOVERNED,0,400,0,0,0,0,0,0,0,0.0,0.0,0.0,0.0,0.0
695,28,400.0,15,8,3,0.15,400,GOVERNED,0.5,25,0.9,5,3,28,GOVERNED,0,400,0,0,0,0,0,0,0,0.0,0.0,0.0,0.0,0.0
686,28,400.0,15,8,3,0.15,400,GOVERNED,0.1,10,0.9,5,3,28,GOVERNED,0,400,0,0,0,0,0,0,0,0.0,0.0,0.0,0.0,0.0
670,27,400.0,15,8,3,0.15,400,GOVERNED,0.5,10,0.9,5,3,27,GOVERNED,13,226,131,10,70,67,66,33,0,0.014925373134328401,1.5151515151515151,130.0,0.0,130.0
669,27,400.0,15,8,3,0.15,400,GOVERNED,0.5,5,0.9,5,3,27,GOVERNED,13,291,80,5,51,53,51,24,0,0.037735849056603765,1.196078431372549,130.0,0.0,130.0
671,27,400.0,15,8,3,0.15,400,GOVERNED,0.5,25,0.9,5,3,27,GOVERNED,1,41,332,24,205,85,84,2,0,0.0117647058823529,1.0,10.0,0.0,10.0
693,28,400.0,15,8,3,0.15,400,GOVERNED,0.5,5,0.9,5,3,28,GOVERNED,0,400,0,0,0,0,0,0,0,0.0,0.0,0.0,0.0,0.0
697,29,400.0,15,8,3,0.15,400,CLOSED_LOOP,0.1,5,0.9,5,3,29,CLOSED_LOOP,5,361,35,4,12,8,8,0,0,0.0,1.0,50.0,0.0,50.0
699,29,400.0,15,8,3,0.15,400,CLOSED_LOOP,0.1,25,0.9,5,3,29,CLOSED_LOOP,5,361,35,4,12,8,8,0,0,0.0,1.0,50.0,0.0,50.0
700,29,400.0,15,8,3,0.15,400,CLOSED_LOOP,0.25,3,0.9,5,3,29,CLOSED_LOOP,5,277,113,6,33,30,30,2,0,0.0,1.2,50.0,0.0,50.0
701,29,400.0,15,8,3,0.15,400,CLOSED_LOOP,0.25,5,0.9,5,3,29,CLOSED_LOOP,5,277,113,6,33,30,30,2,0,0.0,1.2,50.0,0.0,50.0
702,29,400.0,15,8,3,0.15,400,CLOSED_LOOP,0.25,10,0.9,5,3,29,CLOSED_LOOP,5,277,113,6,33,30,30,2,0,0.0,1.2,50.0,0.0,50.0
704,29,400.0,15,8,3,0.15,400,CLOSED_LOOP,0.5,3,0.9,5,3,29,CLOSED_LOOP,1,309,73,1,33,32,32,10,0,0.0,1.28125,10.0,0.0,10.0
698,29,400.0,15,8,3,0.15,400,CLOSED_LOOP,0.1,10,0.9,5,3,29,CLOSED_LOOP,5,361,35,4,12,8,8,0,0,0.0,1.0,50.0,0.0,50.0
703,29,400.0,15,8,3,0.15,400,CLOSED_LOOP,0.25,25,0.9,5,3,29,CLOSED_LOOP,5,277,113,6,33,30,30,2,0,0.0,1.2,50.0,0.0,50.0
696,29,400.0,15,8,3,0.15,400,CLOSED_LOOP,0.1,3,0.9,5,3,29,CLOSED_LOOP,5,361,35,4,12,8,8,0,0,0.0,1.0,50.0,0.0,50.0
710,29,400.0,15,8,3,0.15,400,GOVERNED,0.1,10,0.9,5,3,29,GOVERNED,5,361,35,4,12,8,8,0,0,0.0,1.0,50.0,0.0,50.0
708,29,400.0,15,8,3,0.15,400,GOVERNED,0.1,3,0.9,5,3,29,GOVERNED,6,376,18,3,1,8,7,3,0,0.125,2.7142857142857144,60.0,0.0,60.0
706,29,400.0,15,8,3,0.15,400,CLOSED_LOOP,0.5,10,0.9,5,3,29,CLOSED_LOOP,1,309,73,1,33,32,32,10,0,0.0,1.28125,10.0,0.0,10.0
711,29,400.0,15,8,3,0.15,400,GOVERNED,0.1,25,0.9,5,3,29,GOVERNED,5,361,35,4,12,8,8,0,0,0.0,1.0,50.0,0.0,50.0
712,29,400.0,15,8,3,0.15,400,GOVERNED,0.25,3,0.9,5,3,29,GOVERNED,13,344,39,3,10,26,26,14,0,0.0,1.8846153846153846,130.0,0.0,130.0
707,29,400.0,15,8,3,0.15,400,CLOSED_LOOP,0.5,25,0.9,5,3,29,CLOSED_LOOP,1,309,73,1,33,32,32,10,0,0.0,1.28125,10.0,0.0,10.0
713,29,400.0,15,8,3,0.15,400,GOVERNED,0.25,5,0.9,5,3,29,GOVERNED,9,338,51,5,13,20,20,6,0,0.0,1.3,90.0,0.0,90.0
709,29,400.0,15,8,3,0.15,400,GOVERNED,0.1,5,0.9,5,3,29,GOVERNED,5,361,35,4,12,8,8,0,0,0.0,1.0,50.0,0.0,50.0
715,29,400.0,15,8,3,0.15,400,GOVERNED,0.25,25,0.9,5,3,29,GOVERNED,5,277,113,6,33,30,30,2,0,0.0,1.2,50.0,0.0,50.0
705,29,400.0,15,8,3,0.15,400,CLOSED_LOOP,0.5,5,0.9,5,3,29,CLOSED_LOOP,1,309,73,1,33,32,32,10,0,0.0,1.28125,10.0,0.0,10.0
714,29,400.0,15,8,3,0.15,400,GOVERNED,0.25,10,0.9,5,3,29,GOVERNED,5,277,113,6,33,30,30,2,0,0.0,1.2,50.0,0.0,50.0
717,29,400.0,15,8,3,0.15,400,GOVERNED,0.5,5,0.9,5,3,29,GOVERNED,1,309,73,1,33,32,32,10,0,0.0,1.28125,10.0,0.0,10.0
718,29,400.0,15,8,3,0.15,400,GOVERNED,0.5,10,0.9,5,3,29,GOVERNED,1,309,73,1,33,32,32,10,0,0.0,1.28125,10.0,0.0,10.0
716,29,400.0,15,8,3,0.15,400,GOVERNED,0.5,3,0.9,5,3,29,GOVERNED,1,309,73,1,33,32,32,10,0,0.0,1.28125,10.0,0.0,10.0
719,29,400.0,15,8,3,0.15,400,GOVERNED,0.5,25,0.9,5,3,29,GOVERNED,1,309,73,1,33,32,32,10,0,0.0,1.28125,10.0,0.0,10.0
